text,actual_category,predicted_category,generated_text
ምዩቴሽን ሓዱሽ ልውውጥ ዘምፀአን ብምረፃ ካብቲ ለውጢ ንክውገድ ይገብር።,science/technology,travel,"SENTENCE:
 ምዩቴሽን ሓዱሽ ልውውጥ ዘምፀአን ብምረፃ ካብቲ ለውጢ ንክውገድ ይገብር። 
 Is this SENTENCE science, travel, politics, sports, health, entertainment, geography? 
OPTIONS:
-science
- travel
- politics
- sports
- health
- entertainment
- geography
-ANSWER: travel</s>"
እቲ ናይ ፍዩዥን ቦምብ ኑክልየስ ምስ ሓያሎ ፕሮቶናትን ኒትሮናትን ንምትእኽኻብ ሓይሊ ኸም ዚሓትት ዚገልጽ ስርዓት እዩ ዚዓዪ ።,science/technology,travel,"SENTENCE:
 እቲ ናይ ፍዩዥን ቦምብ ኑክልየስ ምስ ሓያሎ ፕሮቶናትን ኒትሮናትን ንምትእኽኻብ ሓይሊ ኸም ዚሓትት ዚገልጽ ስርዓት እዩ ዚዓዪ ። 
 Is this SENTENCE science, travel, politics, sports, health, entertainment, geography? 
OPTIONS:
-science
- travel
- politics
- sports
- health
- entertainment
- geography
-ANSWER: travel</s>"
ኒዩክለስ ክልተ ነገራት ዘዋሃደ እዩ -ኒዩትሮናትን ፕሮቶናትን።,science/technology,travel,"SENTENCE:
 ኒዩክለስ ክልተ ነገራት ዘዋሃደ እዩ -ኒዩትሮናትን ፕሮቶናትን። 
 Is this SENTENCE science, travel, politics, sports, health, entertainment, geography? 
OPTIONS:
-science
- travel
- politics
- sports
- health
- entertainment
- geography
-ANSWER: travel</s>"
እዚ ናይ ለንስ መግሉሒ ምስ ቀዋሚ አትኩራዊ ንውሓት ምስ ዘለዎም ሌንሳት ክወዳደር ከሎ ንጹርነት ዘለዎም ስእልታት ንክስርሑ ኣኽኢሉ እዩ።,science/technology,travel,"SENTENCE:
 እዚ ናይ ለንስ መግሉሒ ምስ ቀዋሚ አትኩራዊ ንውሓት ምስ ዘለዎም ሌንሳት ክወዳደር ከሎ ንጹርነት ዘለዎም ስእልታት ንክስርሑ ኣኽኢሉ እዩ። 
 Is this SENTENCE science, travel, politics, sports, health, entertainment, geography? 
OPTIONS:
-science
- travel
- politics
- sports
- health
- entertainment
- geography
-ANSWER: travel</s>"
ብብዙሕ ምኽንያታት ካብ ድሕረ-ገፃት ፕሮክሲስ ዝላዓሉ እዮም፡- http ጥራሕ ዘይኮነስ ንኩሎም ኢንተርኔት ትራፊክ ዳግም መንገዶም ክቕይሩ ይገብርዎ እዮም።,science/technology,travel,"SENTENCE:
 ብብዙሕ ምኽንያታት ካብ ድሕረ-ገፃት ፕሮክሲስ ዝላዓሉ እዮም፡- http ጥራሕ ዘይኮነስ ንኩሎም ኢንተርኔት ትራፊክ ዳግም መንገዶም ክቕይሩ ይገብርዎ እዮም። 
 Is this SENTENCE science, travel, politics, sports, health, entertainment, geography? 
OPTIONS:
-science
- travel
- politics
- sports
- health
- entertainment
- geography
-ANSWER: travel</s>"
ብምይይጥ ዝግበር ዲዛይን ብዛዕባ ፍርያማት ሚዲያ ዘለኩም ግምታዊ ሓሳብ ዳግማይ ክትምርምሩን ብዘይ ትኹላዊ መንገዲ ክትመሃሩን የገድድ።,science/technology,travel,"SENTENCE:
 ብምይይጥ ዝግበር ዲዛይን ብዛዕባ ፍርያማት ሚዲያ ዘለኩም ግምታዊ ሓሳብ ዳግማይ ክትምርምሩን ብዘይ ትኹላዊ መንገዲ ክትመሃሩን የገድድ። 
 Is this SENTENCE science, travel, politics, sports, health, entertainment, geography? 
OPTIONS:
-science
- travel
- politics
- sports
- health
- entertainment
- geography
-ANSWER: travel</s>"
እዚ ልሙድ ስራሕ ኮይኑ ኣሎ፡ እንተኾነ ግን እቲ ሓጺን ኣብ ልዕሊ እቲ ናይ ዕንጸይቲ መንኮራኹር ናይቶም ሰረገላታት ዝያዳ ምሕቃቕ ኣስዒቡ።,science/technology,travel,"SENTENCE:
 እዚ ልሙድ ስራሕ ኮይኑ ኣሎ፡ እንተኾነ ግን እቲ ሓጺን ኣብ ልዕሊ እቲ ናይ ዕንጸይቲ መንኮራኹር ናይቶም ሰረገላታት ዝያዳ ምሕቃቕ ኣስዒቡ። 
 Is this SENTENCE science, travel, politics, sports, health, entertainment, geography? 
OPTIONS:
-science
- travel
- politics
- sports
- health
- entertainment
- geography
-ANSWER: travel</s>"
ስድራ ኣንብሳ ክሳብ ሰለስተ ዝትዛመዱ ተባዕትዮ ኣናብስ ምስ ሰላሳ ዝኾና ደቅንስትዮን ዉላድ ኣንበሳ ዝቆመ ኢዩ።,science/technology,travel,"SENTENCE:
 ስድራ ኣንብሳ ክሳብ ሰለስተ ዝትዛመዱ ተባዕትዮ ኣናብስ ምስ ሰላሳ ዝኾና ደቅንስትዮን ዉላድ ኣንበሳ ዝቆመ ኢዩ። 
 Is this SENTENCE science, travel, politics, sports, health, entertainment, geography? 
OPTIONS:
-science
- travel
- politics
- sports
- health
- entertainment
- geography
-ANSWER: travel</s>"
ወልሓንቲ እኳ AI ናይ ሳይንሳዊ ልቢ ወለድ ጥንክር ዝበለ ትርጉም ይወሃቦ ዋላ ፣ AI ባህሪ ፣ ትምህርቲ ከምኡውን ብልሒ ምምሕያሽ ናይ ምሽን ዝምልከት ብጣዕሚ ኣድላይ ናይ ኮምፒተር ሳይንስ ጨንፈር እዩ።,science/technology,entertainment,"SENTENCE:
 ወልሓንቲ እኳ AI ናይ ሳይንሳዊ ልቢ ወለድ ጥንክር ዝበለ ትርጉም ይወሃቦ ዋላ ፣ AI ባህሪ ፣ ትምህርቲ ከምኡውን ብልሒ ምምሕያሽ ናይ ምሽን ዝምልከት ብጣዕሚ ኣድላይ ናይ ኮምፒተር ሳይንስ ጨንፈር እዩ። 
 Is this SENTENCE science, travel, politics, sports, health, entertainment, geography? 
OPTIONS:
-science
- travel
- politics
- sports
- health
- entertainment
- geography
-ANSWER: entertainment</s>"
ስለዚ መጠነ ዝምድና እዚ ኣገባብ እዚ (እቲ ዝቐለለ መጠነ ዝምድና ብምሉኡ ቝጽሪ ንምርካብ ብዓሰርተው ክልተ ምምቓል) 3 ፡ 2 ከም ዝዀነ ኢዩ ዝዝረብ።,science/technology,travel,"SENTENCE:
 ስለዚ መጠነ ዝምድና እዚ ኣገባብ እዚ (እቲ ዝቐለለ መጠነ ዝምድና ብምሉኡ ቝጽሪ ንምርካብ ብዓሰርተው ክልተ ምምቓል) 3 ፡ 2 ከም ዝዀነ ኢዩ ዝዝረብ። 
 Is this SENTENCE science, travel, politics, sports, health, entertainment, geography? 
OPTIONS:
-science
- travel
- politics
- sports
- health
- entertainment
- geography
-ANSWER: travel</s>"
ብሓፈሻ ናይ ሳተላይት ቴሌፎን መተካእታ ናይ ሞባይል ቴሌፎን ኣይኮነን፣ ስለምንታይ ቴሌፎን ንምድዋል ኣብ ደገ ከምኡ'ውን ምስ'ቲ ሳተላይት ንጹር ናይ ርክብ መስመር ክህልወካ ስለዘለዎ።,science/technology,travel,"SENTENCE:
 ብሓፈሻ ናይ ሳተላይት ቴሌፎን መተካእታ ናይ ሞባይል ቴሌፎን ኣይኮነን፣ ስለምንታይ ቴሌፎን ንምድዋል ኣብ ደገ ከምኡ'ውን ምስ'ቲ ሳተላይት ንጹር ናይ ርክብ መስመር ክህልወካ ስለዘለዎ። 
 Is this SENTENCE science, travel, politics, sports, health, entertainment, geography? 
OPTIONS:
-science
- travel
- politics
- sports
- health
- entertainment
- geography
-ANSWER: travel</s>"
ዋላ እኳ ሰረገላታት ማዕዶ ንማዕዶ ዝረኣኣዩ ታውላታት ጥራሕ ዘካተቱ ኣንተኾኑ፣ኣብ ንእሽተይ መዓልትታት ካብ ብጣዕሚ ኣጸገምቲ ዝኾኑ መንገድታት ዝበለጸ ፍጥነት ንኸዕብዩን ዓበይቲ ሸኽምታትክጎቱን ዝጎቱ ፈረሳት ፈቒዶም።,science/technology,travel,"SENTENCE:
 ዋላ እኳ ሰረገላታት ማዕዶ ንማዕዶ ዝረኣኣዩ ታውላታት ጥራሕ ዘካተቱ ኣንተኾኑ፣ኣብ ንእሽተይ መዓልትታት ካብ ብጣዕሚ ኣጸገምቲ ዝኾኑ መንገድታት ዝበለጸ ፍጥነት ንኸዕብዩን ዓበይቲ ሸኽምታትክጎቱን ዝጎቱ ፈረሳት ፈቒዶም። 
 Is this SENTENCE science, travel, politics, sports, health, entertainment, geography? 
OPTIONS:
-science
- travel
- politics
- sports
- health
- entertainment
- geography
-ANSWER: travel</s>"
ሰባት ካብ ጥንቲ ጀሚሮም ብዛዕባ መሰረታዊ ኬሚካዊ ባእታታት ከም ወርቂ፣ ብሩር፣ነሃስን ጥርቀለምን ይፈልጡ ነይሮም፣ኩሎም ብተፈትሮ ክርከቡ ስለዝኽእሉ ብጥንታዊ መሳርሕታት ንምዕዳን ብኣንጻራውነት ቀሊል እዩ።,science/technology,travel,"SENTENCE:
 ሰባት ካብ ጥንቲ ጀሚሮም ብዛዕባ መሰረታዊ ኬሚካዊ ባእታታት ከም ወርቂ፣ ብሩር፣ነሃስን ጥርቀለምን ይፈልጡ ነይሮም፣ኩሎም ብተፈትሮ ክርከቡ ስለዝኽእሉ ብጥንታዊ መሳርሕታት ንምዕዳን ብኣንጻራውነት ቀሊል እዩ። 
 Is this SENTENCE science, travel, politics, sports, health, entertainment, geography? 
OPTIONS:
-science
- travel
- politics
- sports
- health
- entertainment
- geography
-ANSWER: travel</s>"
እቲ መንኰርኰር ንዓለም ብዜደንቕ መገዲ ቐዪርዋ እዩ ። እቲ መንኰርኰር ዝገበረልና ዝዓበየ ነገር ዝቐለለን ቅልጡፍን መጓዓዝያ እዩ ።,science/technology,travel,"SENTENCE:
 እቲ መንኰርኰር ንዓለም ብዜደንቕ መገዲ ቐዪርዋ እዩ ። እቲ መንኰርኰር ዝገበረልና ዝዓበየ ነገር ዝቐለለን ቅልጡፍን መጓዓዝያ እዩ ። 
 Is this SENTENCE science, travel, politics, sports, health, entertainment, geography? 
OPTIONS:
-science
- travel
- politics
- sports
- health
- entertainment
- geography
-ANSWER: travel</s>"
እዚ ኸኣ እቲ ምስሊ ንብምሉኡ እቲ ኤለክትሮኒካዊ መሳርሒ ኸም ዚሽፍን ንምግባር እዩ ዚግበር።እዚ ኸኣ ካብ መጠን ንላዕሊ ስካን ተባሂሉ ይጽዋዕ ።,science/technology,travel,"SENTENCE:
 እዚ ኸኣ እቲ ምስሊ ንብምሉኡ እቲ ኤለክትሮኒካዊ መሳርሒ ኸም ዚሽፍን ንምግባር እዩ ዚግበር።እዚ ኸኣ ካብ መጠን ንላዕሊ ስካን ተባሂሉ ይጽዋዕ ። 
 Is this SENTENCE science, travel, politics, sports, health, entertainment, geography? 
OPTIONS:
-science
- travel
- politics
- sports
- health
- entertainment
- geography
-ANSWER: travel</s>"
ሳብማሪን ጀርመን ዩ-ቦትስ ተባሂለ ይጽዋዕ ነበረ። ጀርመናውያን ሳብማሪኖም ኣብ ምጕዓዝን ኣብ ምዕያይን ንፉዓት እዮም ነይሮም ።,science/technology,travel,"SENTENCE:
 ሳብማሪን ጀርመን ዩ-ቦትስ ተባሂለ ይጽዋዕ ነበረ። ጀርመናውያን ሳብማሪኖም ኣብ ምጕዓዝን ኣብ ምዕያይን ንፉዓት እዮም ነይሮም ። 
 Is this SENTENCE science, travel, politics, sports, health, entertainment, geography? 
OPTIONS:
-science
- travel
- politics
- sports
- health
- entertainment
- geography
-ANSWER: travel</s>"
ዋላ እኳ ኣካላዊ ኩነታቱ ዝቕየር እንተኾነ ኬሚካላዊ ባህርዩ ግን ሓደ ዓይነት እዩ።,science/technology,travel,"SENTENCE:
 ዋላ እኳ ኣካላዊ ኩነታቱ ዝቕየር እንተኾነ ኬሚካላዊ ባህርዩ ግን ሓደ ዓይነት እዩ። 
 Is this SENTENCE science, travel, politics, sports, health, entertainment, geography? 
OPTIONS:
-science
- travel
- politics
- sports
- health
- entertainment
- geography
-ANSWER: travel</s>"
እቲ ኣብ ጽፍሒ ማይ ዚርከብ ሞለክዩላት ማይ ካብቲ ኣብ ልዕሊኡ ዘሎ ሞለክዩላት ኣየር ንላዕሊ ንሓድሕዱ ስለ ዚሰሓብ ኣብ ጽፍሒ ውጥረት ይፍጠር እዩ ።,science/technology,travel,"SENTENCE:
 እቲ ኣብ ጽፍሒ ማይ ዚርከብ ሞለክዩላት ማይ ካብቲ ኣብ ልዕሊኡ ዘሎ ሞለክዩላት ኣየር ንላዕሊ ንሓድሕዱ ስለ ዚሰሓብ ኣብ ጽፍሒ ውጥረት ይፍጠር እዩ ። 
 Is this SENTENCE science, travel, politics, sports, health, entertainment, geography? 
OPTIONS:
-science
- travel
- politics
- sports
- health
- entertainment
- geography
-ANSWER: travel</s>"
ሓደ ኻብቲ ንሓደ ፊልም ናብ ዲቪዲ ኽትቅይሮ ኽትፍትን ከለኻ ዜጋጥም ልሙድ ጸገማት ካብ መጠን ንላዕሊ ስካን ምግባር እዩ።,science/technology,travel,"SENTENCE:
 ሓደ ኻብቲ ንሓደ ፊልም ናብ ዲቪዲ ኽትቅይሮ ኽትፍትን ከለኻ ዜጋጥም ልሙድ ጸገማት ካብ መጠን ንላዕሊ ስካን ምግባር እዩ። 
 Is this SENTENCE science, travel, politics, sports, health, entertainment, geography? 
OPTIONS:
-science
- travel
- politics
- sports
- health
- entertainment
- geography
-ANSWER: travel</s>"
ከም ዝፍለጥ ሓደ ሰብ ይሕሱ እንተሃሊኡ ማይክሮ አገላ ልፃታት ምትርጓም ይከኣል እዩ ይበሃል።,science/technology,travel,"SENTENCE:
 ከም ዝፍለጥ ሓደ ሰብ ይሕሱ እንተሃሊኡ ማይክሮ አገላ ልፃታት ምትርጓም ይከኣል እዩ ይበሃል። 
 Is this SENTENCE science, travel, politics, sports, health, entertainment, geography? 
OPTIONS:
-science
- travel
- politics
- sports
- health
- entertainment
- geography
-ANSWER: travel</s>"
ወርቂ ናብ ኩሎም ዓይነት ቅርጽታት ክስራሕ ይኽእል ይኸውን እዩ። ናብ ደቀቕቲ ቅርጽታት ክኸብብ ይኽእል እዩ።,science/technology,travel,"SENTENCE:
 ወርቂ ናብ ኩሎም ዓይነት ቅርጽታት ክስራሕ ይኽእል ይኸውን እዩ። ናብ ደቀቕቲ ቅርጽታት ክኸብብ ይኽእል እዩ። 
 Is this SENTENCE science, travel, politics, sports, health, entertainment, geography? 
OPTIONS:
-science
- travel
- politics
- sports
- health
- entertainment
- geography
-ANSWER: travel</s>"
እቲ AI ስርዓት ኣብ'ዚ እዋን ብልምዲ ኣብ መዳያት ቁጠባ፣ ሕክምና፣ ምህንድስናን ውትህድርናን ንጥቀመሉ ኢና፣ ማዕረ እቲ ኣብ ዝተወሰኑ ናይ ገዛ ኮምፒተራትን ናይ ቪድዮ ጌም ሶፍትዌራት ዝተገጥመ ማለት እዩ።,science/technology,entertainment,"SENTENCE:
 እቲ AI ስርዓት ኣብ'ዚ እዋን ብልምዲ ኣብ መዳያት ቁጠባ፣ ሕክምና፣ ምህንድስናን ውትህድርናን ንጥቀመሉ ኢና፣ ማዕረ እቲ ኣብ ዝተወሰኑ ናይ ገዛ ኮምፒተራትን ናይ ቪድዮ ጌም ሶፍትዌራት ዝተገጥመ ማለት እዩ። 
 Is this SENTENCE science, travel, politics, sports, health, entertainment, geography? 
OPTIONS:
-science
- travel
- politics
- sports
- health
- entertainment
- geography
-ANSWER: entertainment</s>"
ሎሚ እውን እንተ ዀነ ዚዳሎ እኳ እንተ ዀነ ልዕሊ ዅሉ ግና መጠነ ዝምድናኡ ብኤለክትሮኒካዊ መሳርሒታት ካሜራ እዩ ወሪሱ ።,science/technology,travel,"SENTENCE:
 ሎሚ እውን እንተ ዀነ ዚዳሎ እኳ እንተ ዀነ ልዕሊ ዅሉ ግና መጠነ ዝምድናኡ ብኤለክትሮኒካዊ መሳርሒታት ካሜራ እዩ ወሪሱ ። 
 Is this SENTENCE science, travel, politics, sports, health, entertainment, geography? 
OPTIONS:
-science
- travel
- politics
- sports
- health
- entertainment
- geography
-ANSWER: travel</s>"
እቲ ኣብ ሲሶ ዘሎ ብዙሕ ማህሰይቲ ዝወረዶን መብዛሕትኡ ግዜ ዘላግጸሉን መምርሒ እተወሰነ ስርዓት እናሓለወ ብርቱዕ ምንቅስቓስ ከም ዝህሉ ዝገብር ቀሊል መምርሒ ኢዩ።,science/technology,travel,"SENTENCE:
 እቲ ኣብ ሲሶ ዘሎ ብዙሕ ማህሰይቲ ዝወረዶን መብዛሕትኡ ግዜ ዘላግጸሉን መምርሒ እተወሰነ ስርዓት እናሓለወ ብርቱዕ ምንቅስቓስ ከም ዝህሉ ዝገብር ቀሊል መምርሒ ኢዩ። 
 Is this SENTENCE science, travel, politics, sports, health, entertainment, geography? 
OPTIONS:
-science
- travel
- politics
- sports
- health
- entertainment
- geography
-ANSWER: travel</s>"
እዚ እንተወሓደ ዝተወሰኑ ዳይኖሶራት ክንቲት ኔሪዎም ዘረጋግጽ ጥራይ ዘይኮነ ፣ ክልስ ሓሳብ ኣቀዲሙ ተስፋሕፊሑ ኣሎ ፣ ግን ብሓፈሻ ከም ኣሰር ህይወት ዝርዝር ኣይከኣልን ከም ቀለም ከምኡውንሰለስተ ኵርናዕ መስርዕ ዝመሳሰሉ።,science/technology,travel,"SENTENCE:
 እዚ እንተወሓደ ዝተወሰኑ ዳይኖሶራት ክንቲት ኔሪዎም ዘረጋግጽ ጥራይ ዘይኮነ ፣ ክልስ ሓሳብ ኣቀዲሙ ተስፋሕፊሑ ኣሎ ፣ ግን ብሓፈሻ ከም ኣሰር ህይወት ዝርዝር ኣይከኣልን ከም ቀለም ከምኡውንሰለስተ ኵርናዕ መስርዕ ዝመሳሰሉ። 
 Is this SENTENCE science, travel, politics, sports, health, entertainment, geography? 
OPTIONS:
-science
- travel
- politics
- sports
- health
- entertainment
- geography
-ANSWER: travel</s>"
ስሕበት ኢዮ ብኸመይ እዩ ዚጐትተኒ? ኣብ ገጽ ኢዮ ደው እንተ ኢልካ ካብቲ ኣብ ምድሪ ዘሎካ ዝወሓደ ኽብደት ምሃለወካ።,science/technology,travel,"SENTENCE:
 ስሕበት ኢዮ ብኸመይ እዩ ዚጐትተኒ? ኣብ ገጽ ኢዮ ደው እንተ ኢልካ ካብቲ ኣብ ምድሪ ዘሎካ ዝወሓደ ኽብደት ምሃለወካ። 
 Is this SENTENCE science, travel, politics, sports, health, entertainment, geography? 
OPTIONS:
-science
- travel
- politics
- sports
- health
- entertainment
- geography
-ANSWER: travel</s>"
ኔክስትጀን ስይሰተም ብ FAA ንነፈርቲ ሓጺር መንገድታት ንክበራን ከምኡ `ውን ዓመታዊ ብሚልዮን ዝቁጸሩ ጋሎን ነዳዲ ክቅንሳን ምፍናው ካርቦን ንክንክያ ዘኽእለንን ዝገልጽ ስርዓት እዩ።,science/technology,travel,"SENTENCE:
 ኔክስትጀን ስይሰተም ብ FAA ንነፈርቲ ሓጺር መንገድታት ንክበራን ከምኡ `ውን ዓመታዊ ብሚልዮን ዝቁጸሩ ጋሎን ነዳዲ ክቅንሳን ምፍናው ካርቦን ንክንክያ ዘኽእለንን ዝገልጽ ስርዓት እዩ። 
 Is this SENTENCE science, travel, politics, sports, health, entertainment, geography? 
OPTIONS:
-science
- travel
- politics
- sports
- health
- entertainment
- geography
-ANSWER: travel</s>"
ሓበሬታ ስነ ህይወት ስርዓተ መትኒ ንምርምር እውን ዝኸውን ክልሰ ሓሳባዊ መረዳእታ የቕርብ። ስለዚ ዓውዲ ናይ'ቲ መጽናዕቲ ብምጽባብ ልክዕነቱ ይውስኽ።,science/technology,travel,"SENTENCE:
 ሓበሬታ ስነ ህይወት ስርዓተ መትኒ ንምርምር እውን ዝኸውን ክልሰ ሓሳባዊ መረዳእታ የቕርብ። ስለዚ ዓውዲ ናይ'ቲ መጽናዕቲ ብምጽባብ ልክዕነቱ ይውስኽ። 
 Is this SENTENCE science, travel, politics, sports, health, entertainment, geography? 
OPTIONS:
-science
- travel
- politics
- sports
- health
- entertainment
- geography
-ANSWER: travel</s>"
ን2 ሰዓታት አብ ዝገበሮ ዝርርብ “ሎማዓንቲ ኣፕል ነቲ ስልኪ ዳግም ኣሕዲሱ ከፍርዮ እዮ ሎማዓንቲ ታሪክ ክንሰርሕ ኢና” ብምባል ገሊፁ እዩ።,science/technology,travel,"SENTENCE:
 ን2 ሰዓታት አብ ዝገበሮ ዝርርብ “ሎማዓንቲ ኣፕል ነቲ ስልኪ ዳግም ኣሕዲሱ ከፍርዮ እዮ ሎማዓንቲ ታሪክ ክንሰርሕ ኢና” ብምባል ገሊፁ እዩ። 
 Is this SENTENCE science, travel, politics, sports, health, entertainment, geography? 
OPTIONS:
-science
- travel
- politics
- sports
- health
- entertainment
- geography
-ANSWER: travel</s>"
ለንስታት ዕቤት ምግባር ዘለዎ ጕድኣት እቲ ንእተፈላለየ ንውሓት ማእከል ንምርካብ ዜድሊ ሕልኽላኻትን ቍጽርን ለንስታት ካብቲ ቐንዲ ለንስታት ኣጸቢቑ ዚዓቢ ምዃኑ እዩ።,science/technology,travel,"SENTENCE:
 ለንስታት ዕቤት ምግባር ዘለዎ ጕድኣት እቲ ንእተፈላለየ ንውሓት ማእከል ንምርካብ ዜድሊ ሕልኽላኻትን ቍጽርን ለንስታት ካብቲ ቐንዲ ለንስታት ኣጸቢቑ ዚዓቢ ምዃኑ እዩ። 
 Is this SENTENCE science, travel, politics, sports, health, entertainment, geography? 
OPTIONS:
-science
- travel
- politics
- sports
- health
- entertainment
- geography
-ANSWER: travel</s>"
እቲ ተቖጻጻሪ ናይ ቴሌቪዥን ናይ ርሕቐት መቆጻጸሪ ብዝመስል ኩነታት ኣብ ጥቓ ናይ ቴሌቪዥን ተጠቃሚ ዝተገጠሙ ክልተ ሴንሰራት እናተጠቐመ ብሰለስተኣዊ ኣንፈት ዘሎ ቦታ ብሰለስተ ዕጽፊ የስተኻኽል።,science/technology,travel,"SENTENCE:
 እቲ ተቖጻጻሪ ናይ ቴሌቪዥን ናይ ርሕቐት መቆጻጸሪ ብዝመስል ኩነታት ኣብ ጥቓ ናይ ቴሌቪዥን ተጠቃሚ ዝተገጠሙ ክልተ ሴንሰራት እናተጠቐመ ብሰለስተኣዊ ኣንፈት ዘሎ ቦታ ብሰለስተ ዕጽፊ የስተኻኽል። 
 Is this SENTENCE science, travel, politics, sports, health, entertainment, geography? 
OPTIONS:
-science
- travel
- politics
- sports
- health
- entertainment
- geography
-ANSWER: travel</s>"
ሳይንቲስታት ናይዚ እንስሣ ክንቲት ናይቸስቱንት ቡናዊ ኣብ ላዕሊ ብዝደብዘዘ ወይ ካሮት ዝመስል ናይ ውሽጢ ሕብሪ ከምዝነበረ ተዛሪቦም።,science/technology,travel,"SENTENCE:
 ሳይንቲስታት ናይዚ እንስሣ ክንቲት ናይቸስቱንት ቡናዊ ኣብ ላዕሊ ብዝደብዘዘ ወይ ካሮት ዝመስል ናይ ውሽጢ ሕብሪ ከምዝነበረ ተዛሪቦም። 
 Is this SENTENCE science, travel, politics, sports, health, entertainment, geography? 
OPTIONS:
-science
- travel
- politics
- sports
- health
- entertainment
- geography
-ANSWER: travel</s>"
እቶም ክልተ ኮምፓውንድታት ምስ ነንሕድሕዶም ድሕሪ ምጽንባር፣ ንስራሕ ኩሊት ክኽልክሉ ዝኽእሉ ክሪስታላት ከምዝፈጥሩ ተመራመርቲ ናይ'ቲ ዩኒቨርሲቲ ሓቢሮም።,science/technology,travel,"SENTENCE:
 እቶም ክልተ ኮምፓውንድታት ምስ ነንሕድሕዶም ድሕሪ ምጽንባር፣ ንስራሕ ኩሊት ክኽልክሉ ዝኽእሉ ክሪስታላት ከምዝፈጥሩ ተመራመርቲ ናይ'ቲ ዩኒቨርሲቲ ሓቢሮም። 
 Is this SENTENCE science, travel, politics, sports, health, entertainment, geography? 
OPTIONS:
-science
- travel
- politics
- sports
- health
- entertainment
- geography
-ANSWER: travel</s>"
እዚ ድማ ናይቲ 35 ሚሜ ኣሉታ ዝኾነ ኣርባዕተ ጊዜ ዕጽፊ ሪዞልሽን (3136 ሚሜ2 ን 864) ይህብ።,science/technology,entertainment,"SENTENCE:
 እዚ ድማ ናይቲ 35 ሚሜ ኣሉታ ዝኾነ ኣርባዕተ ጊዜ ዕጽፊ ሪዞልሽን (3136 ሚሜ2 ን 864) ይህብ። 
 Is this SENTENCE science, travel, politics, sports, health, entertainment, geography? 
OPTIONS:
-science
- travel
- politics
- sports
- health
- entertainment
- geography
-ANSWER: entertainment</s>"
ምስጋና ን ኣውሮፓን ናብ ብሮድባንድ ሳተላይታት ዝተዘርግሑ ናይ ትሕቲ ባሕሪ ፋይበር ኦፕቲክ ገመዳትን ይኹን'ሞ፣ 93% ነበርቲ ግሪንላንድ ግልጋሎት ኢንተርኔት ተጠቀምቲ እዮም።,science/technology,entertainment,"SENTENCE:
 ምስጋና ን ኣውሮፓን ናብ ብሮድባንድ ሳተላይታት ዝተዘርግሑ ናይ ትሕቲ ባሕሪ ፋይበር ኦፕቲክ ገመዳትን ይኹን'ሞ፣ 93% ነበርቲ ግሪንላንድ ግልጋሎት ኢንተርኔት ተጠቀምቲ እዮም። 
 Is this SENTENCE science, travel, politics, sports, health, entertainment, geography? 
OPTIONS:
-science
- travel
- politics
- sports
- health
- entertainment
- geography
-ANSWER: entertainment</s>"
ሓደ ካብ'ቶም ቀንዲ ጎሊሖም ዝረኣዩ ኣፕስ ናይ'ዚ ጉጅለ ጉግል ትራንስሌት ኮይኑ፣ ናይ'ቲ ኣድልዩካ ዘሎ ቋንቋ ዳታ ድሕሪ ዳውንሎድ ምግባር፣ ዋላ ኦፍላይን ንምትርጓም የኽእለካ።,science/technology,travel,"SENTENCE:
 ሓደ ካብ'ቶም ቀንዲ ጎሊሖም ዝረኣዩ ኣፕስ ናይ'ዚ ጉጅለ ጉግል ትራንስሌት ኮይኑ፣ ናይ'ቲ ኣድልዩካ ዘሎ ቋንቋ ዳታ ድሕሪ ዳውንሎድ ምግባር፣ ዋላ ኦፍላይን ንምትርጓም የኽእለካ። 
 Is this SENTENCE science, travel, politics, sports, health, entertainment, geography? 
OPTIONS:
-science
- travel
- politics
- sports
- health
- entertainment
- geography
-ANSWER: travel</s>"
ጋዝ፣ ፈሳሲ ይኹን ደረቕ ሓደ ዓይነተ ሞለኪውል አለዎም።,science/technology,travel,"SENTENCE:
 ጋዝ፣ ፈሳሲ ይኹን ደረቕ ሓደ ዓይነተ ሞለኪውል አለዎም። 
 Is this SENTENCE science, travel, politics, sports, health, entertainment, geography? 
OPTIONS:
-science
- travel
- politics
- sports
- health
- entertainment
- geography
-ANSWER: travel</s>"
ኣጠቓቅማ ናይ ቪድዮ ምቕዳሕ ምትርጓም ማይክሮ-ኤክስፕሬሽን ማለት ንውሑዳት ሚሊካልኢታት ዝጸንሑ ገጻዊ መርኣዪታት ዝምልከቱ ኣገደስቲ ርኽበታት መንገዲ ከፊቱ እዩ።,science/technology,travel,"SENTENCE:
 ኣጠቓቅማ ናይ ቪድዮ ምቕዳሕ ምትርጓም ማይክሮ-ኤክስፕሬሽን ማለት ንውሑዳት ሚሊካልኢታት ዝጸንሑ ገጻዊ መርኣዪታት ዝምልከቱ ኣገደስቲ ርኽበታት መንገዲ ከፊቱ እዩ። 
 Is this SENTENCE science, travel, politics, sports, health, entertainment, geography? 
OPTIONS:
-science
- travel
- politics
- sports
- health
- entertainment
- geography
-ANSWER: travel</s>"
ደቂ ሰባት ሌንሳት እና ሰርሑን ከም መጉላህቲ እናተጠቀሙሎምን አሽሓት ዓመታት ፀኒሖም ።,science/technology,travel,"SENTENCE:
 ደቂ ሰባት ሌንሳት እና ሰርሑን ከም መጉላህቲ እናተጠቀሙሎምን አሽሓት ዓመታት ፀኒሖም ። 
 Is this SENTENCE science, travel, politics, sports, health, entertainment, geography? 
OPTIONS:
-science
- travel
- politics
- sports
- health
- entertainment
- geography
-ANSWER: travel</s>"
ንበይኑ'ኳ ኣይኮነን፣ ፈተነ ከምኡ'ውን ፈተናዊ መጽናዕቲ ማለት ዝቐረበ ሓደ ወይ ልዕሊኡ ግምታዊ ሓሳብ ንምስራዝ፣ ሕቶታት ንምሕታትን ምዕዛብን ዝግበር ፈተነ ኮይኑ፣ እዚ'ውን ንሳይንሳዊ መጽናዕታት ይመርሕ እዩ።,science/technology,travel,"SENTENCE:
 ንበይኑ'ኳ ኣይኮነን፣ ፈተነ ከምኡ'ውን ፈተናዊ መጽናዕቲ ማለት ዝቐረበ ሓደ ወይ ልዕሊኡ ግምታዊ ሓሳብ ንምስራዝ፣ ሕቶታት ንምሕታትን ምዕዛብን ዝግበር ፈተነ ኮይኑ፣ እዚ'ውን ንሳይንሳዊ መጽናዕታት ይመርሕ እዩ። 
 Is this SENTENCE science, travel, politics, sports, health, entertainment, geography? 
OPTIONS:
-science
- travel
- politics
- sports
- health
- entertainment
- geography
-ANSWER: travel</s>"
አብ ከይዲ እቶም ናይ ዕንጨይቲ ሸረራት ብናይ ሓፂን ሸረር ተተኪኦም። አብ 1767 ከዓ እቲ ናይ መጀመርያ ናይ ሓፂን ሃዲድ ተጀሚሩ።,science/technology,travel,"SENTENCE:
 አብ ከይዲ እቶም ናይ ዕንጨይቲ ሸረራት ብናይ ሓፂን ሸረር ተተኪኦም። አብ 1767 ከዓ እቲ ናይ መጀመርያ ናይ ሓፂን ሃዲድ ተጀሚሩ። 
 Is this SENTENCE science, travel, politics, sports, health, entertainment, geography? 
OPTIONS:
-science
- travel
- politics
- sports
- health
- entertainment
- geography
-ANSWER: travel</s>"
ዋላ'ኳ መብዛሕትኦም ካርድታት ኣብ ዝኾነ ቦታ ንምድዋል ጽቡቕ እንተኾኑ፣ ገሊኦም ንናይ ዝተወሰኑ ጉጅለ ሃገራት ተሰማማዒ ናይ ጻውዒት መጠን ብምቕራብ ዝሰልጠኑ እዮም።,science/technology,travel,"SENTENCE:
 ዋላ'ኳ መብዛሕትኦም ካርድታት ኣብ ዝኾነ ቦታ ንምድዋል ጽቡቕ እንተኾኑ፣ ገሊኦም ንናይ ዝተወሰኑ ጉጅለ ሃገራት ተሰማማዒ ናይ ጻውዒት መጠን ብምቕራብ ዝሰልጠኑ እዮም። 
 Is this SENTENCE science, travel, politics, sports, health, entertainment, geography? 
OPTIONS:
-science
- travel
- politics
- sports
- health
- entertainment
- geography
-ANSWER: travel</s>"
መብዛሕትኦም ዘመናዊ ናይ መጽናዕቲ ቴሌስኮፓት ምቹው ኩነታት ኣየር ኣብ ዘለዎም ገጠር ቦታታት ዕዙዝ መሳርሒታት እዮም።,science/technology,travel,"SENTENCE:
 መብዛሕትኦም ዘመናዊ ናይ መጽናዕቲ ቴሌስኮፓት ምቹው ኩነታት ኣየር ኣብ ዘለዎም ገጠር ቦታታት ዕዙዝ መሳርሒታት እዮም። 
 Is this SENTENCE science, travel, politics, sports, health, entertainment, geography? 
OPTIONS:
-science
- travel
- politics
- sports
- health
- entertainment
- geography
-ANSWER: travel</s>"
እቲ ኻብ ኣቻዮ እተሰርሐ መርፍእ ብምኽንያት ጽፍሒ ውጥረት ኣብ ልዕሊ እቲ ማይ ይንሳፈፍ ።,science/technology,travel,"SENTENCE:
 እቲ ኻብ ኣቻዮ እተሰርሐ መርፍእ ብምኽንያት ጽፍሒ ውጥረት ኣብ ልዕሊ እቲ ማይ ይንሳፈፍ ። 
 Is this SENTENCE science, travel, politics, sports, health, entertainment, geography? 
OPTIONS:
-science
- travel
- politics
- sports
- health
- entertainment
- geography
-ANSWER: travel</s>"
እቲ 35 ሚሊ ሜተር ዝቝመቱ 36 ሚሊ ሜተር ዝቝመቱ 24 ሚሊ ሜተር ዝጎኑ ምዃኑ ዘደናግር ኢዩ።,science/technology,travel,"SENTENCE:
 እቲ 35 ሚሊ ሜተር ዝቝመቱ 36 ሚሊ ሜተር ዝቝመቱ 24 ሚሊ ሜተር ዝጎኑ ምዃኑ ዘደናግር ኢዩ። 
 Is this SENTENCE science, travel, politics, sports, health, entertainment, geography? 
OPTIONS:
-science
- travel
- politics
- sports
- health
- entertainment
- geography
-ANSWER: travel</s>"
ዋህዮታት ኣብ ሂወት ንዝግበሩ መጽናዕቲታት ኣዝዮም መሰረታውያንን ወሰንቲን እዮም፡ ብሓቂ ድማ፡ “ናይ ህይወት መሰረታዊ ሃነጽቲ ባእታታት” ተባሂሎም መብዛሕቲኡ ግዜ ይጽውዑ።,science/technology,travel,"SENTENCE:
 ዋህዮታት ኣብ ሂወት ንዝግበሩ መጽናዕቲታት ኣዝዮም መሰረታውያንን ወሰንቲን እዮም፡ ብሓቂ ድማ፡ “ናይ ህይወት መሰረታዊ ሃነጽቲ ባእታታት” ተባሂሎም መብዛሕቲኡ ግዜ ይጽውዑ። 
 Is this SENTENCE science, travel, politics, sports, health, entertainment, geography? 
OPTIONS:
-science
- travel
- politics
- sports
- health
- entertainment
- geography
-ANSWER: travel</s>"
ወሃብቲ ውልቃዊ ቪፒኤን ንፖለቲካዊ ገደባትን ንግዳዊ ኣይፒ ምልላይ ህላወን ንምጥሓስ ስሉጥ መንገዲ ይፈጥሩ።,science/technology,travel,"SENTENCE:
 ወሃብቲ ውልቃዊ ቪፒኤን ንፖለቲካዊ ገደባትን ንግዳዊ ኣይፒ ምልላይ ህላወን ንምጥሓስ ስሉጥ መንገዲ ይፈጥሩ። 
 Is this SENTENCE science, travel, politics, sports, health, entertainment, geography? 
OPTIONS:
-science
- travel
- politics
- sports
- health
- entertainment
- geography
-ANSWER: travel</s>"
ኣብ እዋን ተልእኾ ናይ'ቲ መደበር ጠፈር ዋላ'ኳ ሓደ ጋይሮስኮፕ እንተጠፍአ፣ ክሳብ ናይ መወዳእታ ጠፈር ዑደት እቲ መደበር ሞራሉ ሓልዩ ጸንሐ።,science/technology,travel,"SENTENCE:
 ኣብ እዋን ተልእኾ ናይ'ቲ መደበር ጠፈር ዋላ'ኳ ሓደ ጋይሮስኮፕ እንተጠፍአ፣ ክሳብ ናይ መወዳእታ ጠፈር ዑደት እቲ መደበር ሞራሉ ሓልዩ ጸንሐ። 
 Is this SENTENCE science, travel, politics, sports, health, entertainment, geography? 
OPTIONS:
-science
- travel
- politics
- sports
- health
- entertainment
- geography
-ANSWER: travel</s>"
ኣብዚ ናይ ምሕሳብ ደረጃ ዘለው ሰባት ምኽንያታዊ ዝኾነ ሓሳብ ምሕሳብ፣ ፓተርን ምስትዋስ፣ ችግር ምፍታሕን ኣብ ሳይነሳዊ ዝኾነ ፈተነታት ክሰርሑ ይክእሉ እዮም።,science/technology,travel,"SENTENCE:
 ኣብዚ ናይ ምሕሳብ ደረጃ ዘለው ሰባት ምኽንያታዊ ዝኾነ ሓሳብ ምሕሳብ፣ ፓተርን ምስትዋስ፣ ችግር ምፍታሕን ኣብ ሳይነሳዊ ዝኾነ ፈተነታት ክሰርሑ ይክእሉ እዮም። 
 Is this SENTENCE science, travel, politics, sports, health, entertainment, geography? 
OPTIONS:
-science
- travel
- politics
- sports
- health
- entertainment
- geography
-ANSWER: travel</s>"
ዓርዓር ነብሪ ኣናእሽቲ እንስሳት ምብላዕ እያ ትፈቱ። እንተኺኢላ ህበይ፣ ተመን፣ ኣናፁን ኣዕዋፍን ትሕዝ እያ። ዓርዓር ነብሪ ትሃድኖም እንሳት ኩሎም ብጉልበት ካብኣ ዝናኣሱ እዮም።,science/technology,travel,"SENTENCE:
 ዓርዓር ነብሪ ኣናእሽቲ እንስሳት ምብላዕ እያ ትፈቱ። እንተኺኢላ ህበይ፣ ተመን፣ ኣናፁን ኣዕዋፍን ትሕዝ እያ። ዓርዓር ነብሪ ትሃድኖም እንሳት ኩሎም ብጉልበት ካብኣ ዝናኣሱ እዮም። 
 Is this SENTENCE science, travel, politics, sports, health, entertainment, geography? 
OPTIONS:
-science
- travel
- politics
- sports
- health
- entertainment
- geography
-ANSWER: travel</s>"
ሓደሓደ ማእኸላይ ፎርማት ዘለዎም ናይ ፊልሚ ካሜራታት 6 ብ 6 ሴ.ሜ ፎርማት ይጥቀሙ፣ ብዝበለፀ ብትኽክል ድማ 56 ብ 56 ሚ.ሜ ኣሉታ(ኔጌቲቭ)።,science/technology,entertainment,"SENTENCE:
 ሓደሓደ ማእኸላይ ፎርማት ዘለዎም ናይ ፊልሚ ካሜራታት 6 ብ 6 ሴ.ሜ ፎርማት ይጥቀሙ፣ ብዝበለፀ ብትኽክል ድማ 56 ብ 56 ሚ.ሜ ኣሉታ(ኔጌቲቭ)። 
 Is this SENTENCE science, travel, politics, sports, health, entertainment, geography? 
OPTIONS:
-science
- travel
- politics
- sports
- health
- entertainment
- geography
-ANSWER: entertainment</s>"
ተጓዓዝቲ ኣብልዕሊ ዝኾነ ናይ ጉዕዞ መደባት ተጽዕኖ ከሕድሩ ስለዝክእሉ ኣከባቢኩም ዝጎድእ ኩነታት ስግኣት ክግንዘቡ ብጥብቂ ይምከር ።,travel,travel,"SENTENCE:
 ተጓዓዝቲ ኣብልዕሊ ዝኾነ ናይ ጉዕዞ መደባት ተጽዕኖ ከሕድሩ ስለዝክእሉ ኣከባቢኩም ዝጎድእ ኩነታት ስግኣት ክግንዘቡ ብጥብቂ ይምከር ። 
 Is this SENTENCE science, travel, politics, sports, health, entertainment, geography? 
OPTIONS:
-science
- travel
- politics
- sports
- health
- entertainment
- geography
-ANSWER: travel</s>"
ኣውቶቡሳት ካብቲ መዕለቢ ኣውቶብስ ተበጊሶም (ብማእኸል ውሕጅ) ሙሉእ መዓልቲ ይጓዓዙ፣ ወላኳ መብዛሕትኦም ብፍላይ ናብ ምብራቕ ከምኡውን ናብ ጃካር / ቡምታንጋንግ ዝጉዓዙ ካብ 06፥30 ክሳብ 07:30 ክሳብ ይልዓሉ።,travel,travel,"SENTENCE:
 ኣውቶቡሳት ካብቲ መዕለቢ ኣውቶብስ ተበጊሶም (ብማእኸል ውሕጅ) ሙሉእ መዓልቲ ይጓዓዙ፣ ወላኳ መብዛሕትኦም ብፍላይ ናብ ምብራቕ ከምኡውን ናብ ጃካር / ቡምታንጋንግ ዝጉዓዙ ካብ 06፥30 ክሳብ 07:30 ክሳብ ይልዓሉ። 
 Is this SENTENCE science, travel, politics, sports, health, entertainment, geography? 
OPTIONS:
-science
- travel
- politics
- sports
- health
- entertainment
- geography
-ANSWER: travel</s>"
ን አሽከርካሪ ዝበለጸ ምርግጋእ ይህብዎ ግን ናይ ኣሽከርካሪ ኣእጋር ኣብ ውሽጦም ክጣበቁ ስለ ዝክእሉ በዚ ምኽንያት ናይ ውሕስነት ስግኣት ክህሎዎ ይኽእል ።,travel,travel,"SENTENCE:
 ን አሽከርካሪ ዝበለጸ ምርግጋእ ይህብዎ ግን ናይ ኣሽከርካሪ ኣእጋር ኣብ ውሽጦም ክጣበቁ ስለ ዝክእሉ በዚ ምኽንያት ናይ ውሕስነት ስግኣት ክህሎዎ ይኽእል ። 
 Is this SENTENCE science, travel, politics, sports, health, entertainment, geography? 
OPTIONS:
-science
- travel
- politics
- sports
- health
- entertainment
- geography
-ANSWER: travel</s>"
መብዛሕትኦም እቶም ፍሉያት ባልቲክ መርከባት አብ ሩስያ ፔተርስበርግ ንነዊሕ ጊዜ ምፅናሕ ዘኽእላ እየን።,travel,travel,"SENTENCE:
 መብዛሕትኦም እቶም ፍሉያት ባልቲክ መርከባት አብ ሩስያ ፔተርስበርግ ንነዊሕ ጊዜ ምፅናሕ ዘኽእላ እየን። 
 Is this SENTENCE science, travel, politics, sports, health, entertainment, geography? 
OPTIONS:
-science
- travel
- politics
- sports
- health
- entertainment
- geography
-ANSWER: travel</s>"
ኢት ምክሪ ተጉዓዝቲ ኣይሰርቁን፣ናይ ሰብ ንብረት ኣይመሓላለፉን ፣ ዘይሕጋዊ ዕዳጋ ውሽጢ ኣይሳተፉን ፣ኣይልሙኑን ወይ ከኣ ብኻልእ መንገዲ ውልቃዊ ጥቅሞም ኢሎም ካልኦት ሰባት ኣይጎድኡን እዮም እሉ ይሓስብ።,travel,travel,"SENTENCE:
 ኢት ምክሪ ተጉዓዝቲ ኣይሰርቁን፣ናይ ሰብ ንብረት ኣይመሓላለፉን ፣ ዘይሕጋዊ ዕዳጋ ውሽጢ ኣይሳተፉን ፣ኣይልሙኑን ወይ ከኣ ብኻልእ መንገዲ ውልቃዊ ጥቅሞም ኢሎም ካልኦት ሰባት ኣይጎድኡን እዮም እሉ ይሓስብ። 
 Is this SENTENCE science, travel, politics, sports, health, entertainment, geography? 
OPTIONS:
-science
- travel
- politics
- sports
- health
- entertainment
- geography
-ANSWER: travel</s>"
ቅድሚ እና አብ ጊዜ ናብ ካሊእ ምኻድ ኣብ ግምት እተእትዎም ቡዙሓት ነገራት ኣለዉ።,travel,travel,"SENTENCE:
 ቅድሚ እና አብ ጊዜ ናብ ካሊእ ምኻድ ኣብ ግምት እተእትዎም ቡዙሓት ነገራት ኣለዉ። 
 Is this SENTENCE science, travel, politics, sports, health, entertainment, geography? 
OPTIONS:
-science
- travel
- politics
- sports
- health
- entertainment
- geography
-ANSWER: travel</s>"
ኣብ ሙቀት ቀትሪ፣ ገያሾ ናይ ማይ ዋርዋርታ (ወይ ካልኦት ነገራት) ከጋጥሞም ይኽእሉ እዮም።,travel,travel,"SENTENCE:
 ኣብ ሙቀት ቀትሪ፣ ገያሾ ናይ ማይ ዋርዋርታ (ወይ ካልኦት ነገራት) ከጋጥሞም ይኽእሉ እዮም። 
 Is this SENTENCE science, travel, politics, sports, health, entertainment, geography? 
OPTIONS:
-science
- travel
- politics
- sports
- health
- entertainment
- geography
-ANSWER: travel</s>"
ህጻናት ዘለዎም ቤተሰብ ሓልሕሊፉ ዝረኣዩ እዮም፣ግን ሓድሓደ ሆስቴልስ ኣብ ናይ ግሊ ክፍሊ ይፈቅዱ አዮም።,travel,travel,"SENTENCE:
 ህጻናት ዘለዎም ቤተሰብ ሓልሕሊፉ ዝረኣዩ እዮም፣ግን ሓድሓደ ሆስቴልስ ኣብ ናይ ግሊ ክፍሊ ይፈቅዱ አዮም። 
 Is this SENTENCE science, travel, politics, sports, health, entertainment, geography? 
OPTIONS:
-science
- travel
- politics
- sports
- health
- entertainment
- geography
-ANSWER: travel</s>"
ንኣብነት ኣብ ሽንጥሮ ሎሪ፣ ኣብ ሽንጥሮ ራይን ውሽጢ ዘለዉ ቤተ-መንግስታት ምጉብናይ ወይድማ ኣብ ዳኑብ ወይ ኣብ ወሽመጥ ኤሪ ብጀልባ ደስ ዝብሉ ቅርስታት ንምርኣይ ምጉዓዝ።,travel,travel,"SENTENCE:
 ንኣብነት ኣብ ሽንጥሮ ሎሪ፣ ኣብ ሽንጥሮ ራይን ውሽጢ ዘለዉ ቤተ-መንግስታት ምጉብናይ ወይድማ ኣብ ዳኑብ ወይ ኣብ ወሽመጥ ኤሪ ብጀልባ ደስ ዝብሉ ቅርስታት ንምርኣይ ምጉዓዝ። 
 Is this SENTENCE science, travel, politics, sports, health, entertainment, geography? 
OPTIONS:
-science
- travel
- politics
- sports
- health
- entertainment
- geography
-ANSWER: travel</s>"
ምስ ንስኹም ተመሳሳሊ ጉዕዞታት ብተደገጋሚ ትኬት ዝሕዘልኩም ወኪል ምጥቃም ዝሓሸ ክኸውን ይኽእል።,travel,travel,"SENTENCE:
 ምስ ንስኹም ተመሳሳሊ ጉዕዞታት ብተደገጋሚ ትኬት ዝሕዘልኩም ወኪል ምጥቃም ዝሓሸ ክኸውን ይኽእል። 
 Is this SENTENCE science, travel, politics, sports, health, entertainment, geography? 
OPTIONS:
-science
- travel
- politics
- sports
- health
- entertainment
- geography
-ANSWER: travel</s>"
ካውንችሰርፊንግ ናይ ቕበላ አጋይሽ ድርጅት ልውውጥ ኔትወርክ እንትኸውን ዝተመስረተሉ ኣጋጣሚ እ.ኤ.ኣ ጃንዋሪ 2004 ናይ ኮምፒተር ፕሮግራም ዝገብር ኬሲ ፌንተን ናብ ኣይስላነድ ኸይዱ ኣብኡ ምስ በፅሐ ዝሓድረሉ ቦታ ብዘይምርካቡ ስዒቡ እዩ።,travel,entertainment,"SENTENCE:
 ካውንችሰርፊንግ ናይ ቕበላ አጋይሽ ድርጅት ልውውጥ ኔትወርክ እንትኸውን ዝተመስረተሉ ኣጋጣሚ እ.ኤ.ኣ ጃንዋሪ 2004 ናይ ኮምፒተር ፕሮግራም ዝገብር ኬሲ ፌንተን ናብ ኣይስላነድ ኸይዱ ኣብኡ ምስ በፅሐ ዝሓድረሉ ቦታ ብዘይምርካቡ ስዒቡ እዩ። 
 Is this SENTENCE science, travel, politics, sports, health, entertainment, geography? 
OPTIONS:
-science
- travel
- politics
- sports
- health
- entertainment
- geography
-ANSWER: entertainment</s>"
ናይ ተማሃራይ ቪዛ ብሓፈሻ ካብ ዝተለምደ ናይ ቱሪስት ወይ ከኣ ንግዳዊ ቪዛ በብዓይነቱ መለኪዕታት ከምኡውን ናይ ምሕትት ኣገባባት ኣለዎም ።,travel,travel,"SENTENCE:
 ናይ ተማሃራይ ቪዛ ብሓፈሻ ካብ ዝተለምደ ናይ ቱሪስት ወይ ከኣ ንግዳዊ ቪዛ በብዓይነቱ መለኪዕታት ከምኡውን ናይ ምሕትት ኣገባባት ኣለዎም ። 
 Is this SENTENCE science, travel, politics, sports, health, entertainment, geography? 
OPTIONS:
-science
- travel
- politics
- sports
- health
- entertainment
- geography
-ANSWER: travel</s>"
ነፍስወከፍ ሃገር ኣብ ዉሽጢ መኪና ክህልዉ ዝግብኦም ናውቲ ህጹጽ ኩነታት ዘፍቅዱ ፍሉይ ሕግጋት ኣለወን።,travel,travel,"SENTENCE:
 ነፍስወከፍ ሃገር ኣብ ዉሽጢ መኪና ክህልዉ ዝግብኦም ናውቲ ህጹጽ ኩነታት ዘፍቅዱ ፍሉይ ሕግጋት ኣለወን። 
 Is this SENTENCE science, travel, politics, sports, health, entertainment, geography? 
OPTIONS:
-science
- travel
- politics
- sports
- health
- entertainment
- geography
-ANSWER: travel</s>"
ዋላ እኳ መብዛሕትኦም ኤጀንሲታት አብቲ ተራ ጐዕዞታት ወይ ኣጋታሚታት ትኬት ንምሓዝ ፍቓደኛ እንተኾኑ ፣ ብዙሓት አብ ሓደ ሓደ ነገራት ጥራሕ ብደንቢ ብምስራሕ በጀት ወይ ዝበፀሓሉ ቦታ ወኪላት አለዉ እዮም።,travel,travel,"SENTENCE:
 ዋላ እኳ መብዛሕትኦም ኤጀንሲታት አብቲ ተራ ጐዕዞታት ወይ ኣጋታሚታት ትኬት ንምሓዝ ፍቓደኛ እንተኾኑ ፣ ብዙሓት አብ ሓደ ሓደ ነገራት ጥራሕ ብደንቢ ብምስራሕ በጀት ወይ ዝበፀሓሉ ቦታ ወኪላት አለዉ እዮም። 
 Is this SENTENCE science, travel, politics, sports, health, entertainment, geography? 
OPTIONS:
-science
- travel
- politics
- sports
- health
- entertainment
- geography
-ANSWER: travel</s>"
ተጉዓዝቲ ኣብ ዝተወለዱሉ ሃገሮም ዘይፈልጥዎም ባልዕ እንስሳታት ከጋጥሙዎም ይኽእሉ እዮም።,travel,travel,"SENTENCE:
 ተጉዓዝቲ ኣብ ዝተወለዱሉ ሃገሮም ዘይፈልጥዎም ባልዕ እንስሳታት ከጋጥሙዎም ይኽእሉ እዮም። 
 Is this SENTENCE science, travel, politics, sports, health, entertainment, geography? 
OPTIONS:
-science
- travel
- politics
- sports
- health
- entertainment
- geography
-ANSWER: travel</s>"
ከምኡ'ውን ብሰሜን ዘሎ ማርያም ተራእያትሉ ትፈልጥ፣ ዓለምለኻዊ ውሩይነት ዘለዎ ክቡር ሳንክቹዌሪ ኦፍ ኣወር ሌዲ ኦፍ ፋጢማ(ቅዱስ ቦታ) ብጻሕ።,travel,travel,"SENTENCE:
 ከምኡ'ውን ብሰሜን ዘሎ ማርያም ተራእያትሉ ትፈልጥ፣ ዓለምለኻዊ ውሩይነት ዘለዎ ክቡር ሳንክቹዌሪ ኦፍ ኣወር ሌዲ ኦፍ ፋጢማ(ቅዱስ ቦታ) ብጻሕ። 
 Is this SENTENCE science, travel, politics, sports, health, entertainment, geography? 
OPTIONS:
-science
- travel
- politics
- sports
- health
- entertainment
- geography
-ANSWER: travel</s>"
ናብ ጎማ ንምኻድ ቦዳ በዳ ሞተርሳክል ታክሲ ምጥቓም ይካኣል እዩ። እቲ ልሙድ ዋጋ ንሓፂር ጉዕዞ ድማ 500 ኮንኮለስ ፍራንክ እዩ።,travel,travel,"SENTENCE:
 ናብ ጎማ ንምኻድ ቦዳ በዳ ሞተርሳክል ታክሲ ምጥቓም ይካኣል እዩ። እቲ ልሙድ ዋጋ ንሓፂር ጉዕዞ ድማ 500 ኮንኮለስ ፍራንክ እዩ። 
 Is this SENTENCE science, travel, politics, sports, health, entertainment, geography? 
OPTIONS:
-science
- travel
- politics
- sports
- health
- entertainment
- geography
-ANSWER: travel</s>"
ናይ ደገ ምንቅስቃስ ንዘሑጉሶም ሰባት፣ ባሕርን ሰማይን ብሓባር ናብ ዝረኣየሉ ብራኸ (ሲ ቱ ስካይ ኮሪደር) ናይ እግሪ ጉዕዞ ምግባር ግዲ እዩ።,travel,travel,"SENTENCE:
 ናይ ደገ ምንቅስቃስ ንዘሑጉሶም ሰባት፣ ባሕርን ሰማይን ብሓባር ናብ ዝረኣየሉ ብራኸ (ሲ ቱ ስካይ ኮሪደር) ናይ እግሪ ጉዕዞ ምግባር ግዲ እዩ። 
 Is this SENTENCE science, travel, politics, sports, health, entertainment, geography? 
OPTIONS:
-science
- travel
- politics
- sports
- health
- entertainment
- geography
-ANSWER: travel</s>"
ብእግሩ ዝጉዓዝ ሳፋሪ(ቡሽ ናይ እግሪ ጉዕዞ፣ሳፋሪ እግሪ ጉዕዞ፣ወይ ምኻድ “ምጉዓዝ” እናተበሃለ እውን ይጽዋዕ እዩ)ንውሑዳት ሰዓታት ወይ ንቡዙሕ መዓልትታት ብእግሪ ምጉዓዝ የካትት።,travel,travel,"SENTENCE:
 ብእግሩ ዝጉዓዝ ሳፋሪ(ቡሽ ናይ እግሪ ጉዕዞ፣ሳፋሪ እግሪ ጉዕዞ፣ወይ ምኻድ “ምጉዓዝ” እናተበሃለ እውን ይጽዋዕ እዩ)ንውሑዳት ሰዓታት ወይ ንቡዙሕ መዓልትታት ብእግሪ ምጉዓዝ የካትት። 
 Is this SENTENCE science, travel, politics, sports, health, entertainment, geography? 
OPTIONS:
-science
- travel
- politics
- sports
- health
- entertainment
- geography
-ANSWER: travel</s>"
ብሕታዊ ብቕልጡፍ ዝሓልፈሉ መንገዲ ከም ዝተረጋገጽ ሻንጣ ምልኣኽ ኔሩ። ናይ መንገዲ ኣየር ሕግታት ብዘይ ተሳፋሪ ሻንጣ ንክትሰድድ ኣይፈቅዱን ፣ ንስኹም ተድልይሉ ምክንያት ይኸዉን።,travel,travel,"SENTENCE:
 ብሕታዊ ብቕልጡፍ ዝሓልፈሉ መንገዲ ከም ዝተረጋገጽ ሻንጣ ምልኣኽ ኔሩ። ናይ መንገዲ ኣየር ሕግታት ብዘይ ተሳፋሪ ሻንጣ ንክትሰድድ ኣይፈቅዱን ፣ ንስኹም ተድልይሉ ምክንያት ይኸዉን። 
 Is this SENTENCE science, travel, politics, sports, health, entertainment, geography? 
OPTIONS:
-science
- travel
- politics
- sports
- health
- entertainment
- geography
-ANSWER: travel</s>"
"300 ብምውሳኽ እቲ ጠቕላላ ቁጽሪ 1,300 ተሸከምቲ ነቲ ምጭንናቕ ይቕንሶ።",travel,travel,"SENTENCE:
 300 ብምውሳኽ እቲ ጠቕላላ ቁጽሪ 1,300 ተሸከምቲ ነቲ ምጭንናቕ ይቕንሶ። 
 Is this SENTENCE science, travel, politics, sports, health, entertainment, geography? 
OPTIONS:
-science
- travel
- politics
- sports
- health
- entertainment
- geography
-ANSWER: travel</s>"
ንኣሽቱ ቆልዑ ዘለዎም ስድራቤት ተወሳኺ ምድላው የድሊ ክኸውን ኢዩ ፣ ግን ብህጻውንቲ ከምኡውን ብቕድመ ት/ቤት ህጻውንቲ ንሓደ መዓልቲ ብቐሊል ደገ ምውፃእ ይከኣል ኡዩ።,travel,travel,"SENTENCE:
 ንኣሽቱ ቆልዑ ዘለዎም ስድራቤት ተወሳኺ ምድላው የድሊ ክኸውን ኢዩ ፣ ግን ብህጻውንቲ ከምኡውን ብቕድመ ት/ቤት ህጻውንቲ ንሓደ መዓልቲ ብቐሊል ደገ ምውፃእ ይከኣል ኡዩ። 
 Is this SENTENCE science, travel, politics, sports, health, entertainment, geography? 
OPTIONS:
-science
- travel
- politics
- sports
- health
- entertainment
- geography
-ANSWER: travel</s>"
አብ ዝላዓለ ብራኸ ወይ ድማ አብ ጎቦ ዝዝውር ሰብ በረድ፣ ቁሪ ወይ ድማ ዛሕሊ ምህላዊ አብ ግምት ከእትው አለዎም።,travel,travel,"SENTENCE:
 አብ ዝላዓለ ብራኸ ወይ ድማ አብ ጎቦ ዝዝውር ሰብ በረድ፣ ቁሪ ወይ ድማ ዛሕሊ ምህላዊ አብ ግምት ከእትው አለዎም። 
 Is this SENTENCE science, travel, politics, sports, health, entertainment, geography? 
OPTIONS:
-science
- travel
- politics
- sports
- health
- entertainment
- geography
-ANSWER: travel</s>"
ሎሚ ቲምቡክቱ ዋላ'ኳ ዘለዋ ዝና ናይ ቱሪዝም ማእኸል እንተገበራን መዕርፎ ኣየር እንተሃለዋን፣ ድኽነት ዝተጎናጸፈት ከተማ እያ።,travel,travel,"SENTENCE:
 ሎሚ ቲምቡክቱ ዋላ'ኳ ዘለዋ ዝና ናይ ቱሪዝም ማእኸል እንተገበራን መዕርፎ ኣየር እንተሃለዋን፣ ድኽነት ዝተጎናጸፈት ከተማ እያ። 
 Is this SENTENCE science, travel, politics, sports, health, entertainment, geography? 
OPTIONS:
-science
- travel
- politics
- sports
- health
- entertainment
- geography
-ANSWER: travel</s>"
ኣብ እዋን ናይ በረድ ዝናብ፣ ንዓኻ ክዕንቅፈካ ዝኽእል እኹል በረድ ኣብ ውሽጢ ኣዝዩ ሓጺር ግዜ ክዘንብ ይኽእል።,travel,travel,"SENTENCE:
 ኣብ እዋን ናይ በረድ ዝናብ፣ ንዓኻ ክዕንቅፈካ ዝኽእል እኹል በረድ ኣብ ውሽጢ ኣዝዩ ሓጺር ግዜ ክዘንብ ይኽእል። 
 Is this SENTENCE science, travel, politics, sports, health, entertainment, geography? 
OPTIONS:
-science
- travel
- politics
- sports
- health
- entertainment
- geography
-ANSWER: travel</s>"
ምሉእ ናብ ደቡባዊ ንፍቀክቢ ክትበርር እነተደሊካ እቲ ናይ በራ መመረፂካን መብፂሕካን ብምኽንያት ልዕሊ ባሕሪ መንገድታት ውሁድ እዩ፡፡,travel,travel,"SENTENCE:
 ምሉእ ናብ ደቡባዊ ንፍቀክቢ ክትበርር እነተደሊካ እቲ ናይ በራ መመረፂካን መብፂሕካን ብምኽንያት ልዕሊ ባሕሪ መንገድታት ውሁድ እዩ፡፡ 
 Is this SENTENCE science, travel, politics, sports, health, entertainment, geography? 
OPTIONS:
-science
- travel
- politics
- sports
- health
- entertainment
- geography
-ANSWER: travel</s>"
ከም ኢማራትስ፣ ኢቲሃድ ኤርዌይስ፣ ቀጠር ኤርዌይስ ከምኡ'ውን ቱርኪሽ ኣየርላይንስ ዘበሉ መንገድታት ኣየር ኣገልግሎታቶም ናብ ኣፍሪቃ ኣዝዮም ኣስፋሕፊሖም ይርከቡን፣ ናብ ብዙሓት ዋና ከተማታት ኣፍሪቃ መራኸቢታት ብምስ ካልኦት ኤውሮጳውያን መንገድታት ኣየር ክወዳደር ከሎ ተወዳዳሪ ዋጋ ይህቡን እዮም።,travel,travel,"SENTENCE:
 ከም ኢማራትስ፣ ኢቲሃድ ኤርዌይስ፣ ቀጠር ኤርዌይስ ከምኡ'ውን ቱርኪሽ ኣየርላይንስ ዘበሉ መንገድታት ኣየር ኣገልግሎታቶም ናብ ኣፍሪቃ ኣዝዮም ኣስፋሕፊሖም ይርከቡን፣ ናብ ብዙሓት ዋና ከተማታት ኣፍሪቃ መራኸቢታት ብምስ ካልኦት ኤውሮጳውያን መንገድታት ኣየር ክወዳደር ከሎ ተወዳዳሪ ዋጋ ይህቡን እዮም። 
 Is this SENTENCE science, travel, politics, sports, health, entertainment, geography? 
OPTIONS:
-science
- travel
- politics
- sports
- health
- entertainment
- geography
-ANSWER: travel</s>"
ተወሳኺ መጓዕዝያ ኣይተገብረን፣ ከምኡ'ውን ናይ ልዕሊ መሬት ባቡራት ኣብ ዌምብሊ ኣይቆማን እየን፣ ኣብ መሬት ደረጃ ድማ መኪና ምዕሻግን ወይ ናይ ፓርክ-ን-ራይድን ኣገልግሎታት የለዉን።,travel,travel,"SENTENCE:
 ተወሳኺ መጓዕዝያ ኣይተገብረን፣ ከምኡ'ውን ናይ ልዕሊ መሬት ባቡራት ኣብ ዌምብሊ ኣይቆማን እየን፣ ኣብ መሬት ደረጃ ድማ መኪና ምዕሻግን ወይ ናይ ፓርክ-ን-ራይድን ኣገልግሎታት የለዉን። 
 Is this SENTENCE science, travel, politics, sports, health, entertainment, geography? 
OPTIONS:
-science
- travel
- politics
- sports
- health
- entertainment
- geography
-ANSWER: travel</s>"
ብሓፈሻ አብ ዝኾነ ናይ ወጻኢ ሃገር ንነዊሕ ግዘ ንምጽናሕ፣ ቪዛ ኣቐዲሞም ንኽረኽቡ ይሓትት።,travel,travel,"SENTENCE:
 ብሓፈሻ አብ ዝኾነ ናይ ወጻኢ ሃገር ንነዊሕ ግዘ ንምጽናሕ፣ ቪዛ ኣቐዲሞም ንኽረኽቡ ይሓትት። 
 Is this SENTENCE science, travel, politics, sports, health, entertainment, geography? 
OPTIONS:
-science
- travel
- politics
- sports
- health
- entertainment
- geography
-ANSWER: travel</s>"
ነፍሲ-ወከፍ ባቡር ሜትሮፕላስ ን ሜትሮ ኣሰልጠንቲ ኣለዎም ፤ሜትሮፕላስ ኣሰልጠንቲ ኩሉ ጊዜ ኣብ ቀረባ ኣብ ዝርከብ ኬፕታዉን ባቡር መወዳእታ እዮም።,travel,travel,"SENTENCE:
 ነፍሲ-ወከፍ ባቡር ሜትሮፕላስ ን ሜትሮ ኣሰልጠንቲ ኣለዎም ፤ሜትሮፕላስ ኣሰልጠንቲ ኩሉ ጊዜ ኣብ ቀረባ ኣብ ዝርከብ ኬፕታዉን ባቡር መወዳእታ እዮም። 
 Is this SENTENCE science, travel, politics, sports, health, entertainment, geography? 
OPTIONS:
-science
- travel
- politics
- sports
- health
- entertainment
- geography
-ANSWER: travel</s>"
ኩሉ ሰብ ብሕብረተሰብ ውሽጢ ይሳተፍ ከምኡውን ናይ መጎዓዝያ ኣገባባ ይጥቀም። ኩሉ ሰብ ማለት ይከኣል ስለ ምጉዓዝ ኣገባባ ጥርዓን ይቕርብ።,travel,travel,"SENTENCE:
 ኩሉ ሰብ ብሕብረተሰብ ውሽጢ ይሳተፍ ከምኡውን ናይ መጎዓዝያ ኣገባባ ይጥቀም። ኩሉ ሰብ ማለት ይከኣል ስለ ምጉዓዝ ኣገባባ ጥርዓን ይቕርብ። 
 Is this SENTENCE science, travel, politics, sports, health, entertainment, geography? 
OPTIONS:
-science
- travel
- politics
- sports
- health
- entertainment
- geography
-ANSWER: travel</s>"
እዞም ቦታታት ውሑድን ኣዝዩ ትሑት በዝሒ ህዝቢ ስለዘለዎምን ናይ ብርሃን ብኽለት ኩሉግዜ ፀገም ስለዘይፈጥር በቶም ከዋኽብቲ እውን ክትዘናግዑ ክትኽእሉ ኢኹም።,travel,travel,"SENTENCE:
 እዞም ቦታታት ውሑድን ኣዝዩ ትሑት በዝሒ ህዝቢ ስለዘለዎምን ናይ ብርሃን ብኽለት ኩሉግዜ ፀገም ስለዘይፈጥር በቶም ከዋኽብቲ እውን ክትዘናግዑ ክትኽእሉ ኢኹም። 
 Is this SENTENCE science, travel, politics, sports, health, entertainment, geography? 
OPTIONS:
-science
- travel
- politics
- sports
- health
- entertainment
- geography
-ANSWER: travel</s>"
ን ቪዛ ዘድልዩ ነገራት ካብ ዓዲ ናብ ዓዲ ዝፈላለዩ እንትኾኑ ብዝመፃኻሉ ዓዲ ይውሰኑ ።,travel,travel,"SENTENCE:
 ን ቪዛ ዘድልዩ ነገራት ካብ ዓዲ ናብ ዓዲ ዝፈላለዩ እንትኾኑ ብዝመፃኻሉ ዓዲ ይውሰኑ ። 
 Is this SENTENCE science, travel, politics, sports, health, entertainment, geography? 
OPTIONS:
-science
- travel
- politics
- sports
- health
- entertainment
- geography
-ANSWER: travel</s>"
ብሓፈሻዊ ኣዘራርባ፣ ኣብ ካብ A ናብ B ዝኸዱ ቀጥታዊ በረራታት ብዛዕባ ምጉዳል ዋጋ ናይ ቢዝነስ ወይ ቀዳማይ ክላስ ኮፍ መበሊ ምሕታት ምንም ጥቅሚ የብሉን።,travel,travel,"SENTENCE:
 ብሓፈሻዊ ኣዘራርባ፣ ኣብ ካብ A ናብ B ዝኸዱ ቀጥታዊ በረራታት ብዛዕባ ምጉዳል ዋጋ ናይ ቢዝነስ ወይ ቀዳማይ ክላስ ኮፍ መበሊ ምሕታት ምንም ጥቅሚ የብሉን። 
 Is this SENTENCE science, travel, politics, sports, health, entertainment, geography? 
OPTIONS:
-science
- travel
- politics
- sports
- health
- entertainment
- geography
-ANSWER: travel</s>"
ቦሜራንግ ምስንዳው ብዙሕ ጎብነይቲ ክረክቡ ዝደልይዎ ተፈታዊ ክእለት እዩ።,travel,travel,"SENTENCE:
 ቦሜራንግ ምስንዳው ብዙሕ ጎብነይቲ ክረክቡ ዝደልይዎ ተፈታዊ ክእለት እዩ። 
 Is this SENTENCE science, travel, politics, sports, health, entertainment, geography? 
OPTIONS:
-science
- travel
- politics
- sports
- health
- entertainment
- geography
-ANSWER: travel</s>"
ንደቡብ ፓሲፊክን ምዕራባዊ ገምጋም ናይ ደቡብ ኣመሪካን ክትዘሎም እንተደሊኻ፣ እዚ በረራ ጥራሕ ኣይኮነን ዘለካ ኣማራጺ።,travel,travel,"SENTENCE:
 ንደቡብ ፓሲፊክን ምዕራባዊ ገምጋም ናይ ደቡብ ኣመሪካን ክትዘሎም እንተደሊኻ፣ እዚ በረራ ጥራሕ ኣይኮነን ዘለካ ኣማራጺ። 
 Is this SENTENCE science, travel, politics, sports, health, entertainment, geography? 
OPTIONS:
-science
- travel
- politics
- sports
- health
- entertainment
- geography
-ANSWER: travel</s>"
ሳን ፍራንሲስኮ ዓቢ ናይ ቱሪዝም ቦታታት ከም ብዙሓት ሆቴላት፣ ቤት-ምግብታት ከምኡ'ውን ስልጡናት ኣዳራሻት ዘጠቃልሉ ኣማዕቢላ ኣላ።,travel,travel,"SENTENCE:
 ሳን ፍራንሲስኮ ዓቢ ናይ ቱሪዝም ቦታታት ከም ብዙሓት ሆቴላት፣ ቤት-ምግብታት ከምኡ'ውን ስልጡናት ኣዳራሻት ዘጠቃልሉ ኣማዕቢላ ኣላ። 
 Is this SENTENCE science, travel, politics, sports, health, entertainment, geography? 
OPTIONS:
-science
- travel
- politics
- sports
- health
- entertainment
- geography
-ANSWER: travel</s>"
ኣብ እዋን ጉዕዞ ብወለንታ ምስራሕ ለውጢ ንምምፃእ ዝጠቕም ዓቢ ስራሕ እዩ ፡ ብወለንታ ምስራሕ ግን ምሃብ ጥራይ ኣይኮነን ።,travel,travel,"SENTENCE:
 ኣብ እዋን ጉዕዞ ብወለንታ ምስራሕ ለውጢ ንምምፃእ ዝጠቕም ዓቢ ስራሕ እዩ ፡ ብወለንታ ምስራሕ ግን ምሃብ ጥራይ ኣይኮነን ። 
 Is this SENTENCE science, travel, politics, sports, health, entertainment, geography? 
OPTIONS:
-science
- travel
- politics
- sports
- health
- entertainment
- geography
-ANSWER: travel</s>"
ናብ ሃገሮም ዝምለሱ ተጉዓዝቲ ትዕግስቲን ርድኢትን እውን ከምዘድልዩ ዘይክግምቱ ይኽእሉ እዮም።,travel,travel,"SENTENCE:
 ናብ ሃገሮም ዝምለሱ ተጉዓዝቲ ትዕግስቲን ርድኢትን እውን ከምዘድልዩ ዘይክግምቱ ይኽእሉ እዮም። 
 Is this SENTENCE science, travel, politics, sports, health, entertainment, geography? 
OPTIONS:
-science
- travel
- politics
- sports
- health
- entertainment
- geography
-ANSWER: travel</s>"
ኣብ ኩሎም ካብ ኣፍሪቃ ወጻኢ ዝርከቡ ቦታታት፣ ተወሳኺ ዋጋታት ናይ ተወሰኽቲ ቪዛታት፣ ቀረጽ ናይ በረራ፣ መጓዕዝያ ባይታ ወ.ዘ.ተ. ኣብ ግምት ምእታው ኣይትረስዕ።,travel,travel,"SENTENCE:
 ኣብ ኩሎም ካብ ኣፍሪቃ ወጻኢ ዝርከቡ ቦታታት፣ ተወሳኺ ዋጋታት ናይ ተወሰኽቲ ቪዛታት፣ ቀረጽ ናይ በረራ፣ መጓዕዝያ ባይታ ወ.ዘ.ተ. ኣብ ግምት ምእታው ኣይትረስዕ። 
 Is this SENTENCE science, travel, politics, sports, health, entertainment, geography? 
OPTIONS:
-science
- travel
- politics
- sports
- health
- entertainment
- geography
-ANSWER: travel</s>"
ብዙሕ ነባሮ ቢሽከክ ነቶም ካብ ደቡብ ዝመጽኡ ሰልፈኛታት ንሕጊ ኣልቦነት ተሓተትቲ ይገበሩዎም።,politics,travel,"SENTENCE:
 ብዙሕ ነባሮ ቢሽከክ ነቶም ካብ ደቡብ ዝመጽኡ ሰልፈኛታት ንሕጊ ኣልቦነት ተሓተትቲ ይገበሩዎም። 
 Is this SENTENCE science, travel, politics, sports, health, entertainment, geography? 
OPTIONS:
-science
- travel
- politics
- sports
- health
- entertainment
- geography
-ANSWER: travel</s>"
ኣብዚ ግዜና ዘሎ ኽፋል በልጅዩም ኣብ ዝሓለፈ እዋናት ክፍሊ ላክሰምበርግ እኳ እንተ ነበረ ድሕሪ እቲ ኣብ 1830ታት እተገብረ ሰውራ በልጅዩም ኰነ።,politics,travel,"SENTENCE:
 ኣብዚ ግዜና ዘሎ ኽፋል በልጅዩም ኣብ ዝሓለፈ እዋናት ክፍሊ ላክሰምበርግ እኳ እንተ ነበረ ድሕሪ እቲ ኣብ 1830ታት እተገብረ ሰውራ በልጅዩም ኰነ። 
 Is this SENTENCE science, travel, politics, sports, health, entertainment, geography? 
OPTIONS:
-science
- travel
- politics
- sports
- health
- entertainment
- geography
-ANSWER: travel</s>"
ካብ 1988 ኣትሒዙ፣ መታን ተዓዘብትን መረጽትን ኣብ'ቲ ናይ ምርጫ ሳጹናት ቅድሚ ምጅማር ናይ'ቲ ምርጫ ዝኣተዎም ፖስታ ከምዘየለ ንምርግጋጽ፣ ከምኡ ድማ ብዘይካ በቶም መረጽቲ ተቆጺሩ ብፍቃዶም ዝኣተወ፣ ካልእ ተወሳኺ ፖስታ ከምዘይኣቱ ንምርግጋጽ፣ እዞም ሳጹናት ብቬትሮ ዝተሰርሑ ክኾኑ ኣለዎም።,politics,travel,"SENTENCE:
 ካብ 1988 ኣትሒዙ፣ መታን ተዓዘብትን መረጽትን ኣብ'ቲ ናይ ምርጫ ሳጹናት ቅድሚ ምጅማር ናይ'ቲ ምርጫ ዝኣተዎም ፖስታ ከምዘየለ ንምርግጋጽ፣ ከምኡ ድማ ብዘይካ በቶም መረጽቲ ተቆጺሩ ብፍቃዶም ዝኣተወ፣ ካልእ ተወሳኺ ፖስታ ከምዘይኣቱ ንምርግጋጽ፣ እዞም ሳጹናት ብቬትሮ ዝተሰርሑ ክኾኑ ኣለዎም። 
 Is this SENTENCE science, travel, politics, sports, health, entertainment, geography? 
OPTIONS:
-science
- travel
- politics
- sports
- health
- entertainment
- geography
-ANSWER: travel</s>"
ቀዳማይ ሚኒስተር ምክንኻን ጁልያ ጊላርድድ ኣብቲ ብ2010 ዝተገብረ ፈደራላዊ መረጻ ኣብ መወዳእታ ግዝኣት ንግስቲ ኤልሳቤጥ ካልኣይ ስልጣን ኣውስትራልያ ኣውስትራልያ ኣውስትራልያ ኣውስትራልያ ኣውስትራልያ ኣውስትራልያ ኣውስትራልያ ኣውስትራልያ ሪፓብሊክ ክትከውን ከም ዘለዋ ኸም ዝኣምኑ ገለጹ።,politics,travel,"SENTENCE:
 ቀዳማይ ሚኒስተር ምክንኻን ጁልያ ጊላርድድ ኣብቲ ብ2010 ዝተገብረ ፈደራላዊ መረጻ ኣብ መወዳእታ ግዝኣት ንግስቲ ኤልሳቤጥ ካልኣይ ስልጣን ኣውስትራልያ ኣውስትራልያ ኣውስትራልያ ኣውስትራልያ ኣውስትራልያ ኣውስትራልያ ኣውስትራልያ ኣውስትራልያ ሪፓብሊክ ክትከውን ከም ዘለዋ ኸም ዝኣምኑ ገለጹ። 
 Is this SENTENCE science, travel, politics, sports, health, entertainment, geography? 
OPTIONS:
-science
- travel
- politics
- sports
- health
- entertainment
- geography
-ANSWER: travel</s>"
መንግስቲ ኣየርላንድ ንቅልጡፍ ምትዕርራይ ናይቲ ዘሎ ኩነታት ብ ሓጋጊ ኣካል ፓርልያመንት ይጸቕጠሉ ኣሎ።,politics,travel,"SENTENCE:
 መንግስቲ ኣየርላንድ ንቅልጡፍ ምትዕርራይ ናይቲ ዘሎ ኩነታት ብ ሓጋጊ ኣካል ፓርልያመንት ይጸቕጠሉ ኣሎ። 
 Is this SENTENCE science, travel, politics, sports, health, entertainment, geography? 
OPTIONS:
-science
- travel
- politics
- sports
- health
- entertainment
- geography
-ANSWER: travel</s>"
እቲ ኣብቲ ክልል ዘሎ ዲፕሎማስያዊ ክርክራት ነቲ ኣብ ሞንጎ ኣርመኒያን ኣዛርባጃንን ዝነበረ ርክብ ኣበላሽይዎ።,politics,travel,"SENTENCE:
 እቲ ኣብቲ ክልል ዘሎ ዲፕሎማስያዊ ክርክራት ነቲ ኣብ ሞንጎ ኣርመኒያን ኣዛርባጃንን ዝነበረ ርክብ ኣበላሽይዎ። 
 Is this SENTENCE science, travel, politics, sports, health, entertainment, geography? 
OPTIONS:
-science
- travel
- politics
- sports
- health
- entertainment
- geography
-ANSWER: travel</s>"
ድሕሪ እቲ ብሰሉስ ናይ 25 ደቓይቅ ኣብ PMO ምስ ሓላፊ NDP ጃክ ለይተን ዝተገብረ ኣኼባ፣ ጠቅላይ ሚኒስተር ስቲፈን ሃርፐር ነቲ ናይ መንግስቲ ‘ጽሩይ ኣየር ኣንቐጽ’ ቅድሚ ካልኣይ ንባቡ ናብ ሓደ ሓባራዊ ፓርቲ ኮሚተ ንኽጻረ ክሰዶ ተሰማሚዑ ኣሎ።,politics,travel,"SENTENCE:
 ድሕሪ እቲ ብሰሉስ ናይ 25 ደቓይቅ ኣብ PMO ምስ ሓላፊ NDP ጃክ ለይተን ዝተገብረ ኣኼባ፣ ጠቅላይ ሚኒስተር ስቲፈን ሃርፐር ነቲ ናይ መንግስቲ ‘ጽሩይ ኣየር ኣንቐጽ’ ቅድሚ ካልኣይ ንባቡ ናብ ሓደ ሓባራዊ ፓርቲ ኮሚተ ንኽጻረ ክሰዶ ተሰማሚዑ ኣሎ። 
 Is this SENTENCE science, travel, politics, sports, health, entertainment, geography? 
OPTIONS:
-science
- travel
- politics
- sports
- health
- entertainment
- geography
-ANSWER: travel</s>"
ኣብ ዝሓለፈ ወርሒ እታ ሃገር ኤሲቲኤ ምስ ፈረመት ኣብ ፖላንድ ዓብዪ ተቓውሞ ተገይሩ እዩ፣ እዚ ክዓ መንግስቲ ፖላንድ ነቲ ውዕሊ ኣብዚ እዋን እዚ ኸየጽድቖ ኸምዝውስን ገበሮ።,politics,travel,"SENTENCE:
 ኣብ ዝሓለፈ ወርሒ እታ ሃገር ኤሲቲኤ ምስ ፈረመት ኣብ ፖላንድ ዓብዪ ተቓውሞ ተገይሩ እዩ፣ እዚ ክዓ መንግስቲ ፖላንድ ነቲ ውዕሊ ኣብዚ እዋን እዚ ኸየጽድቖ ኸምዝውስን ገበሮ። 
 Is this SENTENCE science, travel, politics, sports, health, entertainment, geography? 
OPTIONS:
-science
- travel
- politics
- sports
- health
- entertainment
- geography
-ANSWER: travel</s>"
መማኸሪቲ ብዛዕባ እቲ ኣብ ሓንቲ ሃገር ዘሎ ፖለቲካዊ ዅነታት ኣሕጽር ኣቢሉም ጥራይ እዩ ዚገልጹ ።,politics,travel,"SENTENCE:
 መማኸሪቲ ብዛዕባ እቲ ኣብ ሓንቲ ሃገር ዘሎ ፖለቲካዊ ዅነታት ኣሕጽር ኣቢሉም ጥራይ እዩ ዚገልጹ ። 
 Is this SENTENCE science, travel, politics, sports, health, entertainment, geography? 
OPTIONS:
-science
- travel
- politics
- sports
- health
- entertainment
- geography
-ANSWER: travel</s>"
ኣብ 1976 አብ ዝተገበሩ መረፃት አብ ፖሊሲ ወፃኢ ኣማኻሪ ካርተር ኮይኑ ምስ ሰርሐ ዳሓር ድማ ካብ 1977 እስካብ 1981 ንሄንሪ ኪሲንገር ብምትካእ፣ ኣማኻሪ ብሄራዊ ሓለዋ (ኤን.ኤስ.ኤ) ኮይኑ ሰሪሑ እዩ።,politics,entertainment,"SENTENCE:
 ኣብ 1976 አብ ዝተገበሩ መረፃት አብ ፖሊሲ ወፃኢ ኣማኻሪ ካርተር ኮይኑ ምስ ሰርሐ ዳሓር ድማ ካብ 1977 እስካብ 1981 ንሄንሪ ኪሲንገር ብምትካእ፣ ኣማኻሪ ብሄራዊ ሓለዋ (ኤን.ኤስ.ኤ) ኮይኑ ሰሪሑ እዩ። 
 Is this SENTENCE science, travel, politics, sports, health, entertainment, geography? 
OPTIONS:
-science
- travel
- politics
- sports
- health
- entertainment
- geography
-ANSWER: entertainment</s>"
ብመሰረት ዝተዋህበ ቃል፥ ሓለዋ ናይ'ቶም ናብ ሃገሮም ምምላስ ብሃገራት ኤውሮጳ ዝተኸልከሉ ዳዕሽ እሱራት ቱርኪ ሓላፍነት ክትወስደሉ እያ።,politics,travel,"SENTENCE:
 ብመሰረት ዝተዋህበ ቃል፥ ሓለዋ ናይ'ቶም ናብ ሃገሮም ምምላስ ብሃገራት ኤውሮጳ ዝተኸልከሉ ዳዕሽ እሱራት ቱርኪ ሓላፍነት ክትወስደሉ እያ። 
 Is this SENTENCE science, travel, politics, sports, health, entertainment, geography? 
OPTIONS:
-science
- travel
- politics
- sports
- health
- entertainment
- geography
-ANSWER: travel</s>"
"ኮይኑ ግና እዞም ውጥናት ብሓንቲ ምሸት ጊዜ ዝሓለፎም እንትኸውን፤ ካብ ናይ ሶቭየት ሕብረት ቀይሕ ሰራዊት ውሽጢ ልዕሊ 800,000 ወታደራት አትዮም ንናይ ሪጋ ውዕሊ ሰላም፣ ውዕሊ ጥቅዓት ኣልባነት ሶቭየት-ፖላንድን ካልኦት ክልተኣዊን ናይ ብዙሕ ወገን ዝኾኑ ዓለም ለኻዊ ውዕልታትን ብምፍራስ ንምብራቃዊ ፖላንድ ድሕሪ ምውራር ግንባር ቤላሩስን ዩክሬንን ፈጢሮም እዮም።",politics,travel,"SENTENCE:
 ኮይኑ ግና እዞም ውጥናት ብሓንቲ ምሸት ጊዜ ዝሓለፎም እንትኸውን፤ ካብ ናይ ሶቭየት ሕብረት ቀይሕ ሰራዊት ውሽጢ ልዕሊ 800,000 ወታደራት አትዮም ንናይ ሪጋ ውዕሊ ሰላም፣ ውዕሊ ጥቅዓት ኣልባነት ሶቭየት-ፖላንድን ካልኦት ክልተኣዊን ናይ ብዙሕ ወገን ዝኾኑ ዓለም ለኻዊ ውዕልታትን ብምፍራስ ንምብራቃዊ ፖላንድ ድሕሪ ምውራር ግንባር ቤላሩስን ዩክሬንን ፈጢሮም እዮም። 
 Is this SENTENCE science, travel, politics, sports, health, entertainment, geography? 
OPTIONS:
-science
- travel
- politics
- sports
- health
- entertainment
- geography
-ANSWER: travel</s>"
ድሕሪ እዚ መስርሕ በቲ ቀጻሊ ዝምረጽ ሕጋዊ ኣካል ኣብ 2015 ወይ 2016 እቲ HJR-3 ኣብ ስራሕ ንኽጸንሕ ዳግማይ ክለሳ ክግበረሉ እዩ።,politics,sports,"SENTENCE:
 ድሕሪ እዚ መስርሕ በቲ ቀጻሊ ዝምረጽ ሕጋዊ ኣካል ኣብ 2015 ወይ 2016 እቲ HJR-3 ኣብ ስራሕ ንኽጸንሕ ዳግማይ ክለሳ ክግበረሉ እዩ። 
 Is this SENTENCE science, travel, politics, sports, health, entertainment, geography? 
OPTIONS:
-science
- travel
- politics
- sports
- health
- entertainment
- geography
-ANSWER: sports</s>"
አብ ወርሒ ሓምለ 4 ብኮንግረስ ቑቡል ምስኮነ ብጆን ሃንኮክ ፕረዚደንት ኮንግረስን ፀሓፊ ቻረለስ ቶምሶን ዘተፈረመ ናይ ኢድ ፅሑፍ ናብ ጆን ደናልፕ ናይ ፕሪንት ሱቕ ተላኢኹ እዩ።,politics,travel,"SENTENCE:
 አብ ወርሒ ሓምለ 4 ብኮንግረስ ቑቡል ምስኮነ ብጆን ሃንኮክ ፕረዚደንት ኮንግረስን ፀሓፊ ቻረለስ ቶምሶን ዘተፈረመ ናይ ኢድ ፅሑፍ ናብ ጆን ደናልፕ ናይ ፕሪንት ሱቕ ተላኢኹ እዩ። 
 Is this SENTENCE science, travel, politics, sports, health, entertainment, geography? 
OPTIONS:
-science
- travel
- politics
- sports
- health
- entertainment
- geography
-ANSWER: travel</s>"
ልክዕ ድሕሪ ሰዓት 11:00፣ ተቃወምቲ ኣብ ሰሜናዊ ሸነኽ ዋይት ሆል ንዝርከብ ትራፊክ ዓጊቶሞ።,politics,travel,"SENTENCE:
 ልክዕ ድሕሪ ሰዓት 11:00፣ ተቃወምቲ ኣብ ሰሜናዊ ሸነኽ ዋይት ሆል ንዝርከብ ትራፊክ ዓጊቶሞ። 
 Is this SENTENCE science, travel, politics, sports, health, entertainment, geography? 
OPTIONS:
-science
- travel
- politics
- sports
- health
- entertainment
- geography
-ANSWER: travel</s>"
ይኹን እምበር ኣብ ሰነ 1956 ኣብ ፖላንድ ሕጽረት ምግብን ምንካይ ደሞዝን ዚቃወሙ ሰራሕተኛታት ዘበገስዎ ናዕቢ ኣንጻር ኮምዩኒዝም ሓፈሻዊ ተቓውሞ ምስ ኰነ እቲ ክሩሽቸፍ ዝኣተዎ መብጽዓታት ተፈተነ ።,politics,travel,"SENTENCE:
 ይኹን እምበር ኣብ ሰነ 1956 ኣብ ፖላንድ ሕጽረት ምግብን ምንካይ ደሞዝን ዚቃወሙ ሰራሕተኛታት ዘበገስዎ ናዕቢ ኣንጻር ኮምዩኒዝም ሓፈሻዊ ተቓውሞ ምስ ኰነ እቲ ክሩሽቸፍ ዝኣተዎ መብጽዓታት ተፈተነ ። 
 Is this SENTENCE science, travel, politics, sports, health, entertainment, geography? 
OPTIONS:
-science
- travel
- politics
- sports
- health
- entertainment
- geography
-ANSWER: travel</s>"
ንቐጻሊ 40 ዓመታት ዝጸንሕ ነይሩ፣ ከምኡ'ውን ብተካኢ ሰራዊት ሓይሊ፣ ካብ ኣፍሪካ ክሳብ ኤስያ፣ ኣብ ኣፍጋኒስታን፣ ኣብ ኩባን ኣብ ካልኦት ብዙሓት ካልኦት ጦር ሜዳታትን ይዋጋእ።,politics,travel,"SENTENCE:
 ንቐጻሊ 40 ዓመታት ዝጸንሕ ነይሩ፣ ከምኡ'ውን ብተካኢ ሰራዊት ሓይሊ፣ ካብ ኣፍሪካ ክሳብ ኤስያ፣ ኣብ ኣፍጋኒስታን፣ ኣብ ኩባን ኣብ ካልኦት ብዙሓት ካልኦት ጦር ሜዳታትን ይዋጋእ። 
 Is this SENTENCE science, travel, politics, sports, health, entertainment, geography? 
OPTIONS:
-science
- travel
- politics
- sports
- health
- entertainment
- geography
-ANSWER: travel</s>"
ዝሓለፈ ወርሒ ፕረዚዳንታዊ ኮሚሽን እታ ሃገር ናብ ቀጻሊ መረጻ ንምስግጋር ዘኽእልዋ ናይ ጥቕሉላት ስጉምትታት ኣካል ብምዃን እቲ ዝነበረ “ሲኢፒ” መልቀቒ ሓሳብ ኣቕረበ።,politics,travel,"SENTENCE:
 ዝሓለፈ ወርሒ ፕረዚዳንታዊ ኮሚሽን እታ ሃገር ናብ ቀጻሊ መረጻ ንምስግጋር ዘኽእልዋ ናይ ጥቕሉላት ስጉምትታት ኣካል ብምዃን እቲ ዝነበረ “ሲኢፒ” መልቀቒ ሓሳብ ኣቕረበ። 
 Is this SENTENCE science, travel, politics, sports, health, entertainment, geography? 
OPTIONS:
-science
- travel
- politics
- sports
- health
- entertainment
- geography
-ANSWER: travel</s>"
ካልኦት ጉዳያት ክዓ ብዛዕባ መጻኢ እታ ንህዝብን ንሽንጥሮ ዮርዳኖስን ቅዱስ ዝኾነት እየሩሳሌም ዝገልጽ እዩ ።,politics,travel,"SENTENCE:
 ካልኦት ጉዳያት ክዓ ብዛዕባ መጻኢ እታ ንህዝብን ንሽንጥሮ ዮርዳኖስን ቅዱስ ዝኾነት እየሩሳሌም ዝገልጽ እዩ ። 
 Is this SENTENCE science, travel, politics, sports, health, entertainment, geography? 
OPTIONS:
-science
- travel
- politics
- sports
- health
- entertainment
- geography
-ANSWER: travel</s>"
ነቲ ኣብ መንጎ መንግስትታት ዘሎ ናይ ቀረጽ ሕግታትን ትራክትታትን ናይ ምቕያር ስልጣን እውን ኣይነበሮን ።,politics,travel,"SENTENCE:
 ነቲ ኣብ መንጎ መንግስትታት ዘሎ ናይ ቀረጽ ሕግታትን ትራክትታትን ናይ ምቕያር ስልጣን እውን ኣይነበሮን ። 
 Is this SENTENCE science, travel, politics, sports, health, entertainment, geography? 
OPTIONS:
-science
- travel
- politics
- sports
- health
- entertainment
- geography
-ANSWER: travel</s>"
ፈረንሳ ምርጫዊ ሕጊ ክርክራት ብጥብቂ ይድግፍ።,politics,travel,"SENTENCE:
 ፈረንሳ ምርጫዊ ሕጊ ክርክራት ብጥብቂ ይድግፍ። 
 Is this SENTENCE science, travel, politics, sports, health, entertainment, geography? 
OPTIONS:
-science
- travel
- politics
- sports
- health
- entertainment
- geography
-ANSWER: travel</s>"
ኣብ'ቲ ፍርቂ-ግዜ ምርጫ ናይ ሓደ ሰሙን ስዕረት ድሕሪ ምርካቡ፣ ቡሽ ነቶም ተዓዘብቲ ብዛዕባ ዝርግሐ ናይ ንግጺ ናብ ኤሽያ ነጊርዎም።,politics,travel,"SENTENCE:
 ኣብ'ቲ ፍርቂ-ግዜ ምርጫ ናይ ሓደ ሰሙን ስዕረት ድሕሪ ምርካቡ፣ ቡሽ ነቶም ተዓዘብቲ ብዛዕባ ዝርግሐ ናይ ንግጺ ናብ ኤሽያ ነጊርዎም። 
 Is this SENTENCE science, travel, politics, sports, health, entertainment, geography? 
OPTIONS:
-science
- travel
- politics
- sports
- health
- entertainment
- geography
-ANSWER: travel</s>"
እዚ ዕንቅፋት እዚ በቲ ኣብ ዝሓለፈ ኽልተ ዘመን እተገብረ እተፈላለየ ኣህጉራዊ ውዕላት እተኣታተወ ሓፈሻዊ ተቐባልነት ዘለዎ ኣህጉራዊ ሕጊ ዝጥሕስ እኳ እንተ ነበረ እቲ ስትራተጂ ግን ውጽኢታዊ ዀይኑ ተረኺቡ ኢዩ ።,politics,travel,"SENTENCE:
 እዚ ዕንቅፋት እዚ በቲ ኣብ ዝሓለፈ ኽልተ ዘመን እተገብረ እተፈላለየ ኣህጉራዊ ውዕላት እተኣታተወ ሓፈሻዊ ተቐባልነት ዘለዎ ኣህጉራዊ ሕጊ ዝጥሕስ እኳ እንተ ነበረ እቲ ስትራተጂ ግን ውጽኢታዊ ዀይኑ ተረኺቡ ኢዩ ። 
 Is this SENTENCE science, travel, politics, sports, health, entertainment, geography? 
OPTIONS:
-science
- travel
- politics
- sports
- health
- entertainment
- geography
-ANSWER: travel</s>"
ናይ ፖለቲካ ስምምዕ ዋላ'ኳ እንተዘይሰመረ፣ ኣብ ሞንጎ እዞም ክልተ ናይ ሞልዶቫ ክፋላት ቁጠባዊ ምትእስሳር ዳግማይ ተመስሪቱ።,politics,travel,"SENTENCE:
 ናይ ፖለቲካ ስምምዕ ዋላ'ኳ እንተዘይሰመረ፣ ኣብ ሞንጎ እዞም ክልተ ናይ ሞልዶቫ ክፋላት ቁጠባዊ ምትእስሳር ዳግማይ ተመስሪቱ። 
 Is this SENTENCE science, travel, politics, sports, health, entertainment, geography? 
OPTIONS:
-science
- travel
- politics
- sports
- health
- entertainment
- geography
-ANSWER: travel</s>"
በቶም ሰራሕተኛታት ተዓጂቡ ነቶም ነበርቲ ቴክሳስ ህዝባዊ ድሕንነት ንምሕላው ስጉምትታት ከምዝተወሰዱ አረጋጊፁ።,politics,travel,"SENTENCE:
 በቶም ሰራሕተኛታት ተዓጂቡ ነቶም ነበርቲ ቴክሳስ ህዝባዊ ድሕንነት ንምሕላው ስጉምትታት ከምዝተወሰዱ አረጋጊፁ። 
 Is this SENTENCE science, travel, politics, sports, health, entertainment, geography? 
OPTIONS:
-science
- travel
- politics
- sports
- health
- entertainment
- geography
-ANSWER: travel</s>"
ዳግም ህንጸት ናይ ነጻነት ወቐሳ ዳግም ናይ ዝህነጹ ውዕላት ንነበርቲ ዋሺንግቶን ኣብ ምሃብ ዝጠመተ እዩ።,politics,travel,"SENTENCE:
 ዳግም ህንጸት ናይ ነጻነት ወቐሳ ዳግም ናይ ዝህነጹ ውዕላት ንነበርቲ ዋሺንግቶን ኣብ ምሃብ ዝጠመተ እዩ። 
 Is this SENTENCE science, travel, politics, sports, health, entertainment, geography? 
OPTIONS:
-science
- travel
- politics
- sports
- health
- entertainment
- geography
-ANSWER: travel</s>"
"ካብ'ቶም ቅድሚ እቲ ናይ 2010 ፈደራላዊ ምርጫ ኣብ ጸብጻብ ዝኣተዉ 1,400 ሰባት፣ ኣውስትራልያ ሪፓብሊክ ክትከውን ዝቃወሙ ብዝሒ ሰባት ካብ 2008 ብ8 ምኢታዊት ዕቤት ኣርእዩ።",politics,travel,"SENTENCE:
 ካብ'ቶም ቅድሚ እቲ ናይ 2010 ፈደራላዊ ምርጫ ኣብ ጸብጻብ ዝኣተዉ 1,400 ሰባት፣ ኣውስትራልያ ሪፓብሊክ ክትከውን ዝቃወሙ ብዝሒ ሰባት ካብ 2008 ብ8 ምኢታዊት ዕቤት ኣርእዩ። 
 Is this SENTENCE science, travel, politics, sports, health, entertainment, geography? 
OPTIONS:
-science
- travel
- politics
- sports
- health
- entertainment
- geography
-ANSWER: travel</s>"
ዲፕሎማሲያዊያን አብ ሕገ-መንግስቲ ኣፍጋኒስታን ነቲ መረፃ ኣድላዪ ከምዘይኾነ ዝገልጽ ዘሻምይ ነገር ከምዝረኸቡ ገሊጾም እዮም።,politics,travel,"SENTENCE:
 ዲፕሎማሲያዊያን አብ ሕገ-መንግስቲ ኣፍጋኒስታን ነቲ መረፃ ኣድላዪ ከምዘይኾነ ዝገልጽ ዘሻምይ ነገር ከምዝረኸቡ ገሊጾም እዮም። 
 Is this SENTENCE science, travel, politics, sports, health, entertainment, geography? 
OPTIONS:
-science
- travel
- politics
- sports
- health
- entertainment
- geography
-ANSWER: travel</s>"
ድሕሪ እቲ ውጽኢት ምስ መጽአ፣ ጊንግሪች ንሳንቶረም ኣድናቖት ሂብዎ፤ ኮይኑ ግና ኣብ ኣዮዋ ኣብ ልዕሊ ጊንግሪች ብዝተኻ የደ ኣሉታዊ ናይ ምርጫ ቅስቐሳ ማታወቂያ ምኽንያት ብምግባር ንሮሚኒ ከቢድ ቃላት ተዛሪብዎ፡፡,politics,travel,"SENTENCE:
 ድሕሪ እቲ ውጽኢት ምስ መጽአ፣ ጊንግሪች ንሳንቶረም ኣድናቖት ሂብዎ፤ ኮይኑ ግና ኣብ ኣዮዋ ኣብ ልዕሊ ጊንግሪች ብዝተኻ የደ ኣሉታዊ ናይ ምርጫ ቅስቐሳ ማታወቂያ ምኽንያት ብምግባር ንሮሚኒ ከቢድ ቃላት ተዛሪብዎ፡፡ 
 Is this SENTENCE science, travel, politics, sports, health, entertainment, geography? 
OPTIONS:
-science
- travel
- politics
- sports
- health
- entertainment
- geography
-ANSWER: travel</s>"
አብ ውሽጢ ኣርባዕተ ዓመታት ናይ ማርቴሊ ሓምሻይ CEP እዩ።,politics,politics,"SENTENCE:
 አብ ውሽጢ ኣርባዕተ ዓመታት ናይ ማርቴሊ ሓምሻይ CEP እዩ። 
 Is this SENTENCE science, travel, politics, sports, health, entertainment, geography? 
OPTIONS:
-science
- travel
- politics
- sports
- health
- entertainment
- geography
-ANSWER: politics</s>"
እቲ ናይ ኦሎምፒክ ወርቂ መዳልያ ተዓዋቲ ኣብ 100 ሜ ን 200 ሜ ን ብሰለስተ ውድድራት አብ ፀወታት ኮሞንዌልዝ ክሕምስ ዋላ እኳ እንተነበረ ተደጋጋሚ ምስ ምሕማሙ ጥንካረ ሰውነቱ አብ ጥርጥር ኣትዩ።,sports,travel,"SENTENCE:
 እቲ ናይ ኦሎምፒክ ወርቂ መዳልያ ተዓዋቲ ኣብ 100 ሜ ን 200 ሜ ን ብሰለስተ ውድድራት አብ ፀወታት ኮሞንዌልዝ ክሕምስ ዋላ እኳ እንተነበረ ተደጋጋሚ ምስ ምሕማሙ ጥንካረ ሰውነቱ አብ ጥርጥር ኣትዩ። 
 Is this SENTENCE science, travel, politics, sports, health, entertainment, geography? 
OPTIONS:
-science
- travel
- politics
- sports
- health
- entertainment
- geography
-ANSWER: travel</s>"
ብዘይካ ነበር ናይ ኦሎምፒክን ናይ ዓለምን ሻምፒዮን ምዃን፣ ሳይቶ ኣብ እዋነ ሞቱ፣ ሙሉእ ናይ ጃፓን ጁዶ ፌዴሬሽን ስልጠና ኮሚቴ አቦ-መንበር ኔሩ።,sports,travel,"SENTENCE:
 ብዘይካ ነበር ናይ ኦሎምፒክን ናይ ዓለምን ሻምፒዮን ምዃን፣ ሳይቶ ኣብ እዋነ ሞቱ፣ ሙሉእ ናይ ጃፓን ጁዶ ፌዴሬሽን ስልጠና ኮሚቴ አቦ-መንበር ኔሩ። 
 Is this SENTENCE science, travel, politics, sports, health, entertainment, geography? 
OPTIONS:
-science
- travel
- politics
- sports
- health
- entertainment
- geography
-ANSWER: travel</s>"
ዓለም-ለኻዊ ኮሚቴ ኦሎምፒክ ኣብቲ ሎሚ ፈጻሚ ቦርድ ኣብ በርሊን ዝገበሮ ኣኼባ ነቲ ስፖርት ከጠቓልሎ ድምጺ ሃበ። ራግቢ ፣ ብፍላይ ናይ ራግቢ ሕብረት ከምኡ `ውን ጎልፍ ብኦሎምፒክ ካብ ሓሙሽት ካልኦት ስፖርትታት ተፈልዮም ንክሳተፉ ተመሪጾም።,sports,travel,"SENTENCE:
 ዓለም-ለኻዊ ኮሚቴ ኦሎምፒክ ኣብቲ ሎሚ ፈጻሚ ቦርድ ኣብ በርሊን ዝገበሮ ኣኼባ ነቲ ስፖርት ከጠቓልሎ ድምጺ ሃበ። ራግቢ ፣ ብፍላይ ናይ ራግቢ ሕብረት ከምኡ `ውን ጎልፍ ብኦሎምፒክ ካብ ሓሙሽት ካልኦት ስፖርትታት ተፈልዮም ንክሳተፉ ተመሪጾም። 
 Is this SENTENCE science, travel, politics, sports, health, entertainment, geography? 
OPTIONS:
-science
- travel
- politics
- sports
- health
- entertainment
- geography
-ANSWER: travel</s>"
ናይዚ ዓመት ዓብዪ ውድድር ኣብ ወርሒ ታሕሳስ ኣብ ላስ ካይታስ ዝርከብ ናይ ፖሎ ሜዳ ክካየድ እዩ።,sports,travel,"SENTENCE:
 ናይዚ ዓመት ዓብዪ ውድድር ኣብ ወርሒ ታሕሳስ ኣብ ላስ ካይታስ ዝርከብ ናይ ፖሎ ሜዳ ክካየድ እዩ። 
 Is this SENTENCE science, travel, politics, sports, health, entertainment, geography? 
OPTIONS:
-science
- travel
- politics
- sports
- health
- entertainment
- geography
-ANSWER: travel</s>"
ቪዳል ናብ ርእሰ ከተማ ናይ ካታሎንያ ካብ ምኻዱ እዋን ጀሚሩ፣ ነታ ጋንታ 49 ጸወታታት ተጻዊቱላ ነይሩ።,sports,travel,"SENTENCE:
 ቪዳል ናብ ርእሰ ከተማ ናይ ካታሎንያ ካብ ምኻዱ እዋን ጀሚሩ፣ ነታ ጋንታ 49 ጸወታታት ተጻዊቱላ ነይሩ። 
 Is this SENTENCE science, travel, politics, sports, health, entertainment, geography? 
OPTIONS:
-science
- travel
- politics
- sports
- health
- entertainment
- geography
-ANSWER: travel</s>"
ጥዑይ ናይ ጉልበት ልክዒት ምህላው፣ ትኽክለኛ ናይ ፈሳሲ ምውሳድ ልምዲ እንትህሉ፣ ብዙሓት ናይ ተተካእቲ ልምድታት ምርዳእ ንቡዙሓት ኣትሌታት ብቕዓቶም ንኽውስኽን ንስፖርት ዘለዎም ፍቕሪ ክውስኽን ይገብር እዩ።,sports,travel,"SENTENCE:
 ጥዑይ ናይ ጉልበት ልክዒት ምህላው፣ ትኽክለኛ ናይ ፈሳሲ ምውሳድ ልምዲ እንትህሉ፣ ብዙሓት ናይ ተተካእቲ ልምድታት ምርዳእ ንቡዙሓት ኣትሌታት ብቕዓቶም ንኽውስኽን ንስፖርት ዘለዎም ፍቕሪ ክውስኽን ይገብር እዩ። 
 Is this SENTENCE science, travel, politics, sports, health, entertainment, geography? 
OPTIONS:
-science
- travel
- politics
- sports
- health
- entertainment
- geography
-ANSWER: travel</s>"
"ኣብ መበል ሳልሳይ ሃምሊን ዒስራ ነጥቢ ድሕሪ እኳእንተነበረ፣ አብቲ ሰዓት ካብ ቦውየርን ብሓሙሽተ ነጥቢ ይበልፅ ኔሩ እዩ፡፡ ካህኔን ትሪዮክስ ጁኔርን ግን ብቅደም ሰዓብ 2,220ን 2,207 ነጥቢታት ሒዞም ሓሙሻይን ሻዱሻይን ተቐሚጦም ይርከቡ፡፡",sports,sports,"SENTENCE:
 ኣብ መበል ሳልሳይ ሃምሊን ዒስራ ነጥቢ ድሕሪ እኳእንተነበረ፣ አብቲ ሰዓት ካብ ቦውየርን ብሓሙሽተ ነጥቢ ይበልፅ ኔሩ እዩ፡፡ ካህኔን ትሪዮክስ ጁኔርን ግን ብቅደም ሰዓብ 2,220ን 2,207 ነጥቢታት ሒዞም ሓሙሻይን ሻዱሻይን ተቐሚጦም ይርከቡ፡፡ 
 Is this SENTENCE science, travel, politics, sports, health, entertainment, geography? 
OPTIONS:
-science
- travel
- politics
- sports
- health
- entertainment
- geography
-ANSWER: sports</s>"
ናዳል ምስቲ ካናዳዊ ዘለዎ ሪከርድ 7-2 እዩ።,sports,sports,"SENTENCE:
 ናዳል ምስቲ ካናዳዊ ዘለዎ ሪከርድ 7-2 እዩ። 
 Is this SENTENCE science, travel, politics, sports, health, entertainment, geography? 
OPTIONS:
-science
- travel
- politics
- sports
- health
- entertainment
- geography
-ANSWER: sports</s>"
ጃርክ ኣብዚ እዋን ንጉሆ ኣብ እዋን ቕድመ ምድላው ስልጠና ኣብ ጣልያን ኮቨርሲያን ይለማመድ ኔሩ። ሰንበት ምስ ቦሎኛ ንዘለዎ ግጥም ምስ ክለቡ አብቲ ሁቴል እዩ ፀኒሑ።,sports,travel,"SENTENCE:
 ጃርክ ኣብዚ እዋን ንጉሆ ኣብ እዋን ቕድመ ምድላው ስልጠና ኣብ ጣልያን ኮቨርሲያን ይለማመድ ኔሩ። ሰንበት ምስ ቦሎኛ ንዘለዎ ግጥም ምስ ክለቡ አብቲ ሁቴል እዩ ፀኒሑ። 
 Is this SENTENCE science, travel, politics, sports, health, entertainment, geography? 
OPTIONS:
-science
- travel
- politics
- sports
- health
- entertainment
- geography
-ANSWER: travel</s>"
ፍርሕታት ናይ ሕጽረት መጓዓዝያ እቲ ጸወታ ኣብ ዕጹው በሪ ብዘይ ናይ'ቲ ጋንታ ደገፍቲ ክካየድ ግምታት የልዕል ኣሎ።,sports,travel,"SENTENCE:
 ፍርሕታት ናይ ሕጽረት መጓዓዝያ እቲ ጸወታ ኣብ ዕጹው በሪ ብዘይ ናይ'ቲ ጋንታ ደገፍቲ ክካየድ ግምታት የልዕል ኣሎ። 
 Is this SENTENCE science, travel, politics, sports, health, entertainment, geography? 
OPTIONS:
-science
- travel
- politics
- sports
- health
- entertainment
- geography
-ANSWER: travel</s>"
ቶሚ ድሪመር፣ “ሉና እታ ቀዳመይቲ ንግስቲ ናይ ሕሉፍነት እያ ነይራ። ቀዳመይቲ ኣካያዲት ስርሐይ። ሉና ኣብታ ናይ ክልተ ወርሕታት ምሸት እያ ሓሊፋ፥ ልክዕ ከምኣ ሓውሲ ብርቂ። ሓያል ሰበይቲ” በለ።,sports,entertainment,"SENTENCE:
 ቶሚ ድሪመር፣ “ሉና እታ ቀዳመይቲ ንግስቲ ናይ ሕሉፍነት እያ ነይራ። ቀዳመይቲ ኣካያዲት ስርሐይ። ሉና ኣብታ ናይ ክልተ ወርሕታት ምሸት እያ ሓሊፋ፥ ልክዕ ከምኣ ሓውሲ ብርቂ። ሓያል ሰበይቲ” በለ። 
 Is this SENTENCE science, travel, politics, sports, health, entertainment, geography? 
OPTIONS:
-science
- travel
- politics
- sports
- health
- entertainment
- geography
-ANSWER: entertainment</s>"
ናይ ምርኣይ ስንክልና ዘለዎ ፖላንዳዊ ስኪየር ማኪያጅ ክሬዘልን መራሒቱ ኣና ኦጋርዚንካን ኣብ ናይ ኣወዳት ሱፐር-ጂ መበል 13 ኮይኖም ዛዚምዎ። ደቡብ ኮርያዊ ጆንግ ሲዮርክ ፓርክ ኣብ ናይ ኣወዳት ሱፐር-ጂ መበል 24 ኮይኑ ወዲኡ።,sports,travel,"SENTENCE:
 ናይ ምርኣይ ስንክልና ዘለዎ ፖላንዳዊ ስኪየር ማኪያጅ ክሬዘልን መራሒቱ ኣና ኦጋርዚንካን ኣብ ናይ ኣወዳት ሱፐር-ጂ መበል 13 ኮይኖም ዛዚምዎ። ደቡብ ኮርያዊ ጆንግ ሲዮርክ ፓርክ ኣብ ናይ ኣወዳት ሱፐር-ጂ መበል 24 ኮይኑ ወዲኡ። 
 Is this SENTENCE science, travel, politics, sports, health, entertainment, geography? 
OPTIONS:
-science
- travel
- politics
- sports
- health
- entertainment
- geography
-ANSWER: travel</s>"
ውድድራት ብዝምልከት ሓበሬታ ንምርካብን ናይ ፖሎ ግጥም ትኬታት ኣበይ ከም ከምትገዝኡ ንምሕታት ንኣሴሴሲዮን ኣርጀንቲና ዴ ፖሎ ተመልኸቱ።,sports,travel,"SENTENCE:
 ውድድራት ብዝምልከት ሓበሬታ ንምርካብን ናይ ፖሎ ግጥም ትኬታት ኣበይ ከም ከምትገዝኡ ንምሕታት ንኣሴሴሲዮን ኣርጀንቲና ዴ ፖሎ ተመልኸቱ። 
 Is this SENTENCE science, travel, politics, sports, health, entertainment, geography? 
OPTIONS:
-science
- travel
- politics
- sports
- health
- entertainment
- geography
-ANSWER: travel</s>"
እቶም ጨዋታታት ንጉሆ 4 ሰዓት ብፅቡቅ ናይ አየር ኩነታት ዝተጀመሩ እንትኾን ብዘይካ እቲ ቶሎ ዝተፀረገ ናይ ንጉሆ ጠብታ ንናይ ደቂ 7 ዓመት ራግቢ ብጣዕሚ ፅቡቅ መዓልቲ እዩ ነይሩ።,sports,travel,"SENTENCE:
 እቶም ጨዋታታት ንጉሆ 4 ሰዓት ብፅቡቅ ናይ አየር ኩነታት ዝተጀመሩ እንትኾን ብዘይካ እቲ ቶሎ ዝተፀረገ ናይ ንጉሆ ጠብታ ንናይ ደቂ 7 ዓመት ራግቢ ብጣዕሚ ፅቡቅ መዓልቲ እዩ ነይሩ። 
 Is this SENTENCE science, travel, politics, sports, health, entertainment, geography? 
OPTIONS:
-science
- travel
- politics
- sports
- health
- entertainment
- geography
-ANSWER: travel</s>"
ናይ ሜክሲኮ ኣሪል ቨላስክወዝ ኣብ ናይ ተባዕትዮ ሱፐር-ጂ ውድድር ኣብ መበል 15 ደረጃ ወዲኡ። ናይ ኒው ዚላንድ ኣዳም ሆል ድማ ኣብ መበል ታሽኣይ ደረጃ ወዲኡ።,sports,travel,"SENTENCE:
 ናይ ሜክሲኮ ኣሪል ቨላስክወዝ ኣብ ናይ ተባዕትዮ ሱፐር-ጂ ውድድር ኣብ መበል 15 ደረጃ ወዲኡ። ናይ ኒው ዚላንድ ኣዳም ሆል ድማ ኣብ መበል ታሽኣይ ደረጃ ወዲኡ። 
 Is this SENTENCE science, travel, politics, sports, health, entertainment, geography? 
OPTIONS:
-science
- travel
- politics
- sports
- health
- entertainment
- geography
-ANSWER: travel</s>"
እቲ መዛዘሚ ግጥም ናይ'ቲ ጸወታ ኣብ ኤሊስ ፓርክ፣ ጆሃንስበርግ ኣብ ዝቕጽል ሰሙን ኣብ መንጎ ስፕሪንግቦክስን ኣውስትራልያን ክካየድ እዩ።,sports,travel,"SENTENCE:
 እቲ መዛዘሚ ግጥም ናይ'ቲ ጸወታ ኣብ ኤሊስ ፓርክ፣ ጆሃንስበርግ ኣብ ዝቕጽል ሰሙን ኣብ መንጎ ስፕሪንግቦክስን ኣውስትራልያን ክካየድ እዩ። 
 Is this SENTENCE science, travel, politics, sports, health, entertainment, geography? 
OPTIONS:
-science
- travel
- politics
- sports
- health
- entertainment
- geography
-ANSWER: travel</s>"
አብ ፅቡቕ ኩነታት ንውሕ ንዝበለ ቦታ ብ እግሪ ምኻድ ትኽእል ኢካ ኮይኑ ግን አብ መኪና ከቢድ ሻንጣካ ሒዝካ እንተዘይፃዓንካ ሃገር ኣቋሪፅካ ምኻድ ዝከኣል ኣዝዩ ውሑድ እዩ።,sports,travel,"SENTENCE:
 አብ ፅቡቕ ኩነታት ንውሕ ንዝበለ ቦታ ብ እግሪ ምኻድ ትኽእል ኢካ ኮይኑ ግን አብ መኪና ከቢድ ሻንጣካ ሒዝካ እንተዘይፃዓንካ ሃገር ኣቋሪፅካ ምኻድ ዝከኣል ኣዝዩ ውሑድ እዩ። 
 Is this SENTENCE science, travel, politics, sports, health, entertainment, geography? 
OPTIONS:
-science
- travel
- politics
- sports
- health
- entertainment
- geography
-ANSWER: travel</s>"
"ናይ ሸውዓተ ነጥብታት ፍልልይ ኮይኑ፣ ምስ 2,243 ነጥብታት ጆንሰን ብካልኣይ ደረጃ ተዓዊቱ።",sports,sports,"SENTENCE:
 ናይ ሸውዓተ ነጥብታት ፍልልይ ኮይኑ፣ ምስ 2,243 ነጥብታት ጆንሰን ብካልኣይ ደረጃ ተዓዊቱ። 
 Is this SENTENCE science, travel, politics, sports, health, entertainment, geography? 
OPTIONS:
-science
- travel
- politics
- sports
- health
- entertainment
- geography
-ANSWER: sports</s>"
ብማይ ዘለዎ ውሥጢ ጎቦ ምንስፋፍ ማለት ብትሕቲ ደረቕ ይኹን ማይ ዘለዎ ጎቦ ምጓዓዝ እዩ።,sports,travel,"SENTENCE:
 ብማይ ዘለዎ ውሥጢ ጎቦ ምንስፋፍ ማለት ብትሕቲ ደረቕ ይኹን ማይ ዘለዎ ጎቦ ምጓዓዝ እዩ። 
 Is this SENTENCE science, travel, politics, sports, health, entertainment, geography? 
OPTIONS:
-science
- travel
- politics
- sports
- health
- entertainment
- geography
-ANSWER: travel</s>"
ሮቢን ኡታፓ ናይ ኢኒንግ(ጸዋታ ቤዝቦል)፣ ኣብ 41 ቦል ጥራይ 70 ራን 11 ኣርባዕተታትን ክልተ ሽዱሽተታትን ብምውቃዕ ዝለዓለ ሽቶ ኣቑጺሩ እዩ።,sports,travel,"SENTENCE:
 ሮቢን ኡታፓ ናይ ኢኒንግ(ጸዋታ ቤዝቦል)፣ ኣብ 41 ቦል ጥራይ 70 ራን 11 ኣርባዕተታትን ክልተ ሽዱሽተታትን ብምውቃዕ ዝለዓለ ሽቶ ኣቑጺሩ እዩ። 
 Is this SENTENCE science, travel, politics, sports, health, entertainment, geography? 
OPTIONS:
-science
- travel
- politics
- sports
- health
- entertainment
- geography
-ANSWER: travel</s>"
ኣብ ቈራሪ ወርሓት ዚግበር ስፖርታዊ ውድድራት ኣብ ሰሜናዊ ዞባታት ኣዝዩ ህቡብ እዩ ፣ ኢጣልያውያን ከኣ ኣብ ኣህጉራዊ ጸወታታትን ኣብ ኦሎምፒክ ኣብ ዚግበር ውድድራትን ይወዳደሩ እዮም ።,sports,travel,"SENTENCE:
 ኣብ ቈራሪ ወርሓት ዚግበር ስፖርታዊ ውድድራት ኣብ ሰሜናዊ ዞባታት ኣዝዩ ህቡብ እዩ ፣ ኢጣልያውያን ከኣ ኣብ ኣህጉራዊ ጸወታታትን ኣብ ኦሎምፒክ ኣብ ዚግበር ውድድራትን ይወዳደሩ እዮም ። 
 Is this SENTENCE science, travel, politics, sports, health, entertainment, geography? 
OPTIONS:
-science
- travel
- politics
- sports
- health
- entertainment
- geography
-ANSWER: travel</s>"
ምኣሩችይዶሬ ነት ካሊኣይ ዚወፀ ኑሳ ብ6 ነጥቢ ብምቕዳም ኣብ ላዕሊ ናይቲ መሳልል ወዲኡ።,sports,travel,"SENTENCE:
 ምኣሩችይዶሬ ነት ካሊኣይ ዚወፀ ኑሳ ብ6 ነጥቢ ብምቕዳም ኣብ ላዕሊ ናይቲ መሳልል ወዲኡ። 
 Is this SENTENCE science, travel, politics, sports, health, entertainment, geography? 
OPTIONS:
-science
- travel
- politics
- sports
- health
- entertainment
- geography
-ANSWER: travel</s>"
ማይክል ሹማቸር ኣብቲ ቕድድም ኣብ እተገብረ ሓያላት ውግኣት ጉድኣት ስለ ዘጋጠሞ ድሕሪ ኣሎንሶ ነዊሕ ከይጸንሐ ጉይኡ ዛዘመ ።,sports,travel,"SENTENCE:
 ማይክል ሹማቸር ኣብቲ ቕድድም ኣብ እተገብረ ሓያላት ውግኣት ጉድኣት ስለ ዘጋጠሞ ድሕሪ ኣሎንሶ ነዊሕ ከይጸንሐ ጉይኡ ዛዘመ ። 
 Is this SENTENCE science, travel, politics, sports, health, entertainment, geography? 
OPTIONS:
-science
- travel
- politics
- sports
- health
- entertainment
- geography
-ANSWER: travel</s>"
ሓቀኛ ናይ ኣመጋግባ ልምድታት ጥራይ ብሉጽ ዓቕሚ ምምንጫው ኣይክእሉን ፣ ነገር ግን ኣብልዕሊ መንእሰይ ኣትለታውያን ኣጠቓላሊ ጥዕና ዝለዓለ ተጽዕኖ የሕድሩ።,sports,travel,"SENTENCE:
 ሓቀኛ ናይ ኣመጋግባ ልምድታት ጥራይ ብሉጽ ዓቕሚ ምምንጫው ኣይክእሉን ፣ ነገር ግን ኣብልዕሊ መንእሰይ ኣትለታውያን ኣጠቓላሊ ጥዕና ዝለዓለ ተጽዕኖ የሕድሩ። 
 Is this SENTENCE science, travel, politics, sports, health, entertainment, geography? 
OPTIONS:
-science
- travel
- politics
- sports
- health
- entertainment
- geography
-ANSWER: travel</s>"
ካብ'ቶም ጸወታታት ዝተኸልከሉ ስለዝኾኑ፣ ነቶም ዘድልይዎ መድሃኒታት ንቃንዝኡ ክወስድ ኣይከኣለን።,sports,travel,"SENTENCE:
 ካብ'ቶም ጸወታታት ዝተኸልከሉ ስለዝኾኑ፣ ነቶም ዘድልይዎ መድሃኒታት ንቃንዝኡ ክወስድ ኣይከኣለን። 
 Is this SENTENCE science, travel, politics, sports, health, entertainment, geography? 
OPTIONS:
-science
- travel
- politics
- sports
- health
- entertainment
- geography
-ANSWER: travel</s>"
ተኽእሎ ናይ MS ኣብ ደቀንስትዮ ካብ ደቂ-ተባዕትዮ ንላዕሊ ብኽልተ ዕጽፊ ከምዝዛይድ ብመጽናዕቲ ተረኺቡ እዩ።,health,travel,"SENTENCE:
 ተኽእሎ ናይ MS ኣብ ደቀንስትዮ ካብ ደቂ-ተባዕትዮ ንላዕሊ ብኽልተ ዕጽፊ ከምዝዛይድ ብመጽናዕቲ ተረኺቡ እዩ። 
 Is this SENTENCE science, travel, politics, sports, health, entertainment, geography? 
OPTIONS:
-science
- travel
- politics
- sports
- health
- entertainment
- geography
-ANSWER: travel</s>"
ዘይሕጋዊ መስንፍስ ብውሑድ መድሓኒት ንዓይነ ስውርነትን ሞትን ዘብፅሕ ከም ኢታኖል ዝብሉ ብዙሓት ዝተፈላላዩ ሓደገኛ ረሳሓት ክሕዝ ይኽእል እዩ።,health,travel,"SENTENCE:
 ዘይሕጋዊ መስንፍስ ብውሑድ መድሓኒት ንዓይነ ስውርነትን ሞትን ዘብፅሕ ከም ኢታኖል ዝብሉ ብዙሓት ዝተፈላላዩ ሓደገኛ ረሳሓት ክሕዝ ይኽእል እዩ። 
 Is this SENTENCE science, travel, politics, sports, health, entertainment, geography? 
OPTIONS:
-science
- travel
- politics
- sports
- health
- entertainment
- geography
-ANSWER: travel</s>"
ብስሩዕ ሰሙናዊ ስትራክቸርድ ናይ ፒኤ ክፍለ ግዜያት ኩነታዊ ኩነታት ናይ መንፈስ ጭንቀት ከምኡውን ፍርሒ ዘይኮነ ናይ ዕንወት ውጽኢት ጥራሕ 'ዩ ኔሩ ።,health,travel,"SENTENCE:
 ብስሩዕ ሰሙናዊ ስትራክቸርድ ናይ ፒኤ ክፍለ ግዜያት ኩነታዊ ኩነታት ናይ መንፈስ ጭንቀት ከምኡውን ፍርሒ ዘይኮነ ናይ ዕንወት ውጽኢት ጥራሕ 'ዩ ኔሩ ። 
 Is this SENTENCE science, travel, politics, sports, health, entertainment, geography? 
OPTIONS:
-science
- travel
- politics
- sports
- health
- entertainment
- geography
-ANSWER: travel</s>"
ብዙሓት ሰባት ንማኪና ኦም ብምውናኖም ኣብ መገዲ ብዙሕ ሓደጋታት የምጽኡ እዮም ፣ እዚ ኸኣ ንእተጐድኡ ኣካላት ንምጽጋን ኣብ ክንክን ጥዕና ሓድሽ ሜላታት ከም ዚመሃዝ እዩ ዚገብር ።,health,travel,"SENTENCE:
 ብዙሓት ሰባት ንማኪና ኦም ብምውናኖም ኣብ መገዲ ብዙሕ ሓደጋታት የምጽኡ እዮም ፣ እዚ ኸኣ ንእተጐድኡ ኣካላት ንምጽጋን ኣብ ክንክን ጥዕና ሓድሽ ሜላታት ከም ዚመሃዝ እዩ ዚገብር ። 
 Is this SENTENCE science, travel, politics, sports, health, entertainment, geography? 
OPTIONS:
-science
- travel
- politics
- sports
- health
- entertainment
- geography
-ANSWER: travel</s>"
ብሉጻት ኣካየድቲ መጽናዕቲ ከምዝበልዎ፣ ካብ ሕማም ጡብ ካንሰርን ካልኦት ሕማማትን ናይ ምድሓን መጠን ካብ ዝማዕበላ ዓድታት ብፍርቂ ትሑት ኣብ ዝኾነሉ ኣብተን ትሑት ኣታዊ ዘለወን ሀገራት ንዝነብሩ ሕሙማት ብእዋኑ ሕማም ካንሰር፣ ሳምባ ነቐርሳ፣ ኤች ኣይ ቪን ሕማም ዓሶን ንምፍላጥ ክጠቕም ይኽእል እዩ፡፡,health,travel,"SENTENCE:
 ብሉጻት ኣካየድቲ መጽናዕቲ ከምዝበልዎ፣ ካብ ሕማም ጡብ ካንሰርን ካልኦት ሕማማትን ናይ ምድሓን መጠን ካብ ዝማዕበላ ዓድታት ብፍርቂ ትሑት ኣብ ዝኾነሉ ኣብተን ትሑት ኣታዊ ዘለወን ሀገራት ንዝነብሩ ሕሙማት ብእዋኑ ሕማም ካንሰር፣ ሳምባ ነቐርሳ፣ ኤች ኣይ ቪን ሕማም ዓሶን ንምፍላጥ ክጠቕም ይኽእል እዩ፡፡ 
 Is this SENTENCE science, travel, politics, sports, health, entertainment, geography? 
OPTIONS:
-science
- travel
- politics
- sports
- health
- entertainment
- geography
-ANSWER: travel</s>"
ኣብ ሃሊፋክስ፣ ኖቫ ስኮቲያ ናይ ዶልሆሲ ዩኒቨርሲቲ ፕሮፌሰር ሕክምና ከምኡውን ናይ ማሕበር ሕሙማት ሽኮር ካናዳ ኣካቢ ጨንፈር ክሊኒካውን ሳይንሳውን፣ ዶክተር ኢሁድ ዩር ዝምርምር ስራሕ ገና ኣጸቢቁ ዘይማዕበለ ከምዝኮነ ኣጠንቂቑ።,health,travel,"SENTENCE:
 ኣብ ሃሊፋክስ፣ ኖቫ ስኮቲያ ናይ ዶልሆሲ ዩኒቨርሲቲ ፕሮፌሰር ሕክምና ከምኡውን ናይ ማሕበር ሕሙማት ሽኮር ካናዳ ኣካቢ ጨንፈር ክሊኒካውን ሳይንሳውን፣ ዶክተር ኢሁድ ዩር ዝምርምር ስራሕ ገና ኣጸቢቁ ዘይማዕበለ ከምዝኮነ ኣጠንቂቑ። 
 Is this SENTENCE science, travel, politics, sports, health, entertainment, geography? 
OPTIONS:
-science
- travel
- politics
- sports
- health
- entertainment
- geography
-ANSWER: travel</s>"
እዞም ህጻናት እዚኦም ናብ ብዙሕ ፀገማት ክእትው እዮም ምኽንያቱ ድማ ኣእምሮኦም በቲ ስሩዕ ሜላ ክሰርሕ ስለዘይክእል ኣእምሮኦም ንምፍታን “ናብ ሓደጋ ዘውድቕ ባህርይ ዝኣትዉ፣ዝበኣሱን ንባዓል ስልጣናት ዝቃወሙን ” እዮም።,health,entertainment,"SENTENCE:
 እዞም ህጻናት እዚኦም ናብ ብዙሕ ፀገማት ክእትው እዮም ምኽንያቱ ድማ ኣእምሮኦም በቲ ስሩዕ ሜላ ክሰርሕ ስለዘይክእል ኣእምሮኦም ንምፍታን “ናብ ሓደጋ ዘውድቕ ባህርይ ዝኣትዉ፣ዝበኣሱን ንባዓል ስልጣናት ዝቃወሙን ” እዮም። 
 Is this SENTENCE science, travel, politics, sports, health, entertainment, geography? 
OPTIONS:
-science
- travel
- politics
- sports
- health
- entertainment
- geography
-ANSWER: entertainment</s>"
ዝተበከለ ማይ ናብ ኣየር ብዝተነነ ሰባት ተተንፊሰምዎ ክጉድኡ ይኽእሉ እዮም።,health,travel,"SENTENCE:
 ዝተበከለ ማይ ናብ ኣየር ብዝተነነ ሰባት ተተንፊሰምዎ ክጉድኡ ይኽእሉ እዮም። 
 Is this SENTENCE science, travel, politics, sports, health, entertainment, geography? 
OPTIONS:
-science
- travel
- politics
- sports
- health
- entertainment
- geography
-ANSWER: travel</s>"
ብኣርተፊሻል መንገዲ ዝለዓሉ ንጹር ሕልምታት ብብዝሒ ምርኣይ መብዛሕቲኡ ግዜ ብጣዕሚ ኣድካሚ ምዃኑ ገለ ገለ ሰባት ይኣምኑ።,health,travel,"SENTENCE:
 ብኣርተፊሻል መንገዲ ዝለዓሉ ንጹር ሕልምታት ብብዝሒ ምርኣይ መብዛሕቲኡ ግዜ ብጣዕሚ ኣድካሚ ምዃኑ ገለ ገለ ሰባት ይኣምኑ። 
 Is this SENTENCE science, travel, politics, sports, health, entertainment, geography? 
OPTIONS:
-science
- travel
- politics
- sports
- health
- entertainment
- geography
-ANSWER: travel</s>"
ፖትሮ ኣብዚ ጊዜ ናብ መንኩብ ክንክን ምስተገበሮ ናብ ጸወታ ክምለስ ክኢሉ ።,health,travel,"SENTENCE:
 ፖትሮ ኣብዚ ጊዜ ናብ መንኩብ ክንክን ምስተገበሮ ናብ ጸወታ ክምለስ ክኢሉ ። 
 Is this SENTENCE science, travel, politics, sports, health, entertainment, geography? 
OPTIONS:
-science
- travel
- politics
- sports
- health
- entertainment
- geography
-ANSWER: travel</s>"
ብተወሳኺ ነዚ ዘይምግባር ከበድቲ ሳዕቤናት፣ ከም ዝሕተላ ዕብየት፣ ዓጸቦን ኣብ መወዳእታ ድማ ዘይግዝያዊ ሞት ኣለውዎ።,health,travel,"SENTENCE:
 ብተወሳኺ ነዚ ዘይምግባር ከበድቲ ሳዕቤናት፣ ከም ዝሕተላ ዕብየት፣ ዓጸቦን ኣብ መወዳእታ ድማ ዘይግዝያዊ ሞት ኣለውዎ። 
 Is this SENTENCE science, travel, politics, sports, health, entertainment, geography? 
OPTIONS:
-science
- travel
- politics
- sports
- health
- entertainment
- geography
-ANSWER: travel</s>"
እቲ ገረብ ብፋንገስ ከምዝተለኽፈን እንተወዲቑ ኣብ ህዝባዊ ጥዕና ጉድኣት ከኸትል ከምዝኽእልን ናይ ከተማ ኣስተርዳም ሰበስልጣን ከምኡ'ውን ናይ ኣን ፍራንክ ቤት-መዘክር ይገልጹ።,health,travel,"SENTENCE:
 እቲ ገረብ ብፋንገስ ከምዝተለኽፈን እንተወዲቑ ኣብ ህዝባዊ ጥዕና ጉድኣት ከኸትል ከምዝኽእልን ናይ ከተማ ኣስተርዳም ሰበስልጣን ከምኡ'ውን ናይ ኣን ፍራንክ ቤት-መዘክር ይገልጹ። 
 Is this SENTENCE science, travel, politics, sports, health, entertainment, geography? 
OPTIONS:
-science
- travel
- politics
- sports
- health
- entertainment
- geography
-ANSWER: travel</s>"
እቲ ሆስፒታል ረኽሲ ንምቁጽጻር ፡ ከጋጥሙ ዝኽእሉ ረኽሲታት ንምግታእ ሕሙማት ካብ ካልኦት ሰባት ምንጻል ዘጠቓለለ ፕሮቶኮል ኣብ ስራሕ እናውዓለ ይርከብ።,health,travel,"SENTENCE:
 እቲ ሆስፒታል ረኽሲ ንምቁጽጻር ፡ ከጋጥሙ ዝኽእሉ ረኽሲታት ንምግታእ ሕሙማት ካብ ካልኦት ሰባት ምንጻል ዘጠቓለለ ፕሮቶኮል ኣብ ስራሕ እናውዓለ ይርከብ። 
 Is this SENTENCE science, travel, politics, sports, health, entertainment, geography? 
OPTIONS:
-science
- travel
- politics
- sports
- health
- entertainment
- geography
-ANSWER: travel</s>"
ትካል ፍትሕን ዲሞክራስን ሃይቲ እቶም ኔፓላዉያን ሓለዉቲ ሰላም ዩኤን ሓይልታት ነቲ ሕማም ብዘይምፍላጥ ናብ ሃይቲ ከምዘምጽእዎ ዘመላክቱ ብካልኣይ ወገን ዝተገበሩ ጽንዓታት ዘርዚሩ።,health,travel,"SENTENCE:
 ትካል ፍትሕን ዲሞክራስን ሃይቲ እቶም ኔፓላዉያን ሓለዉቲ ሰላም ዩኤን ሓይልታት ነቲ ሕማም ብዘይምፍላጥ ናብ ሃይቲ ከምዘምጽእዎ ዘመላክቱ ብካልኣይ ወገን ዝተገበሩ ጽንዓታት ዘርዚሩ። 
 Is this SENTENCE science, travel, politics, sports, health, entertainment, geography? 
OPTIONS:
-science
- travel
- politics
- sports
- health
- entertainment
- geography
-ANSWER: travel</s>"
ሕማማት ረኽሲ ንገዛ ርእሶም ወይ ሓደገኛ ዝኾኑ ብሓይሊ ን ደቂ ሰባት ክጉድኡ ወይ ክቐትሉ ዝኽእሉ እንስሳት መብዛሕቲኡ ግዜ ከም ሕማም ተላገብ ተባሂሎም ክጽውዑ ብቑዓት ኣይኮኑን።,health,travel,"SENTENCE:
 ሕማማት ረኽሲ ንገዛ ርእሶም ወይ ሓደገኛ ዝኾኑ ብሓይሊ ን ደቂ ሰባት ክጉድኡ ወይ ክቐትሉ ዝኽእሉ እንስሳት መብዛሕቲኡ ግዜ ከም ሕማም ተላገብ ተባሂሎም ክጽውዑ ብቑዓት ኣይኮኑን። 
 Is this SENTENCE science, travel, politics, sports, health, entertainment, geography? 
OPTIONS:
-science
- travel
- politics
- sports
- health
- entertainment
- geography
-ANSWER: travel</s>"
ADD ዘለዎም ቆልዑ ከም ትምህርቲ ቤት ስራሕ ዘለዉ ነገራት ኣብልዕሊ ብምትኳር ብጣዕሚ ይጽገሙ፣ ግን ከም ጸወታ ምጽዋት ወይ ከኣ ዝፈትውዎምን ካርቱን ፊልም ምርኣይ ወይ ከኣ ምሉእ-ሓሳባት ብዘይ ስርዓተ-ነጥቢ ምጽሓፍ ዝኣመሰሉ ዝፈትዉዎም ነገራት ምቱካር ይኽእሉ።,health,entertainment,"SENTENCE:
 ADD ዘለዎም ቆልዑ ከም ትምህርቲ ቤት ስራሕ ዘለዉ ነገራት ኣብልዕሊ ብምትኳር ብጣዕሚ ይጽገሙ፣ ግን ከም ጸወታ ምጽዋት ወይ ከኣ ዝፈትውዎምን ካርቱን ፊልም ምርኣይ ወይ ከኣ ምሉእ-ሓሳባት ብዘይ ስርዓተ-ነጥቢ ምጽሓፍ ዝኣመሰሉ ዝፈትዉዎም ነገራት ምቱካር ይኽእሉ። 
 Is this SENTENCE science, travel, politics, sports, health, entertainment, geography? 
OPTIONS:
-science
- travel
- politics
- sports
- health
- entertainment
- geography
-ANSWER: entertainment</s>"
ኣብ ውሽጢ ሓደ ዓመት ሓደ ዝተበከለ ሰብ ካብ 10-15 ናይ ቀረባ ሰባት ክብክል ይኽእል።,health,travel,"SENTENCE:
 ኣብ ውሽጢ ሓደ ዓመት ሓደ ዝተበከለ ሰብ ካብ 10-15 ናይ ቀረባ ሰባት ክብክል ይኽእል። 
 Is this SENTENCE science, travel, politics, sports, health, entertainment, geography? 
OPTIONS:
-science
- travel
- politics
- sports
- health
- entertainment
- geography
-ANSWER: travel</s>"
እቲ ጎንጺ ጠጠው ኣብ ዝበለሉ እዋን እቶም ጉዱኣት ናብ ሆስፒታል ምስተጓዓዙ፣ እቶም ካኦት ዝተረፉ 40 ዝኾኑ እሱራት ኣብቲ መረባ ብምፅናሕ ናብ ክፍሎም ንምምላስ ኣብዮም፡፡,health,travel,"SENTENCE:
 እቲ ጎንጺ ጠጠው ኣብ ዝበለሉ እዋን እቶም ጉዱኣት ናብ ሆስፒታል ምስተጓዓዙ፣ እቶም ካኦት ዝተረፉ 40 ዝኾኑ እሱራት ኣብቲ መረባ ብምፅናሕ ናብ ክፍሎም ንምምላስ ኣብዮም፡፡ 
 Is this SENTENCE science, travel, politics, sports, health, entertainment, geography? 
OPTIONS:
-science
- travel
- politics
- sports
- health
- entertainment
- geography
-ANSWER: travel</s>"
ሓካይም ብሃጸይ ኣውጉስጠ ክኽተቡ ጀመሩ ሕሉፍ ሓሊፎም እውን ድሕሪ እቲ ውግእ ንመጀመርታ ግዜ ዝጥቀሙሉ ዝነበሩ ናይ ሕክምና ሰራዊት ሮማ ኣቘሙ።,health,travel,"SENTENCE:
 ሓካይም ብሃጸይ ኣውጉስጠ ክኽተቡ ጀመሩ ሕሉፍ ሓሊፎም እውን ድሕሪ እቲ ውግእ ንመጀመርታ ግዜ ዝጥቀሙሉ ዝነበሩ ናይ ሕክምና ሰራዊት ሮማ ኣቘሙ። 
 Is this SENTENCE science, travel, politics, sports, health, entertainment, geography? 
OPTIONS:
-science
- travel
- politics
- sports
- health
- entertainment
- geography
-ANSWER: travel</s>"
ይኹን እምበር እቲ መራሕ ማኪና ኣብ ርእሱ ኸቢድ ጉድኣት ወረዶ ።,health,travel,"SENTENCE:
 ይኹን እምበር እቲ መራሕ ማኪና ኣብ ርእሱ ኸቢድ ጉድኣት ወረዶ ። 
 Is this SENTENCE science, travel, politics, sports, health, entertainment, geography? 
OPTIONS:
-science
- travel
- politics
- sports
- health
- entertainment
- geography
-ANSWER: travel</s>"
“ኣብ'ዚ እዋን ናይ 4 ወርሒ ዕድመ ዝገበሩ ኣናጹ፣ ሕማም ሽኮር ዝነበሮም ግን ከኣ ሕጂ ዘይብሎም ከምዘለና ሓቢሩ፣” ወሲኩ ሓቢሩ,health,travel,"SENTENCE:
 “ኣብ'ዚ እዋን ናይ 4 ወርሒ ዕድመ ዝገበሩ ኣናጹ፣ ሕማም ሽኮር ዝነበሮም ግን ከኣ ሕጂ ዘይብሎም ከምዘለና ሓቢሩ፣” ወሲኩ ሓቢሩ 
 Is this SENTENCE science, travel, politics, sports, health, entertainment, geography? 
OPTIONS:
-science
- travel
- politics
- sports
- health
- entertainment
- geography
-ANSWER: travel</s>"
ውሽጣዊ መርዚ ሽዑ ንሽዑ ዘይክፍለጥ ይኽእል እዩ። ከም ምምላስ ዝበሉ ምልክታት ቑልጡፍ ምርመራ ክግበረሉ ዘይኽእል እኹል ምልክት እዩ።,health,travel,"SENTENCE:
 ውሽጣዊ መርዚ ሽዑ ንሽዑ ዘይክፍለጥ ይኽእል እዩ። ከም ምምላስ ዝበሉ ምልክታት ቑልጡፍ ምርመራ ክግበረሉ ዘይኽእል እኹል ምልክት እዩ። 
 Is this SENTENCE science, travel, politics, sports, health, entertainment, geography? 
OPTIONS:
-science
- travel
- politics
- sports
- health
- entertainment
- geography
-ANSWER: travel</s>"
ከም ውጽኢቱ እቶም ተዋሳእቲ ካናቢስ ኣብ መድረኽ ወጺዮም የትክኹ ነበሩ፣ እንኮላይ እቶም ተዓዘብቲ ትያትር ድማ ንኽስሕቡ ይተባብዑ ነይሮም።,entertainment,travel,"SENTENCE:
 ከም ውጽኢቱ እቶም ተዋሳእቲ ካናቢስ ኣብ መድረኽ ወጺዮም የትክኹ ነበሩ፣ እንኮላይ እቶም ተዓዘብቲ ትያትር ድማ ንኽስሕቡ ይተባብዑ ነይሮም። 
 Is this SENTENCE science, travel, politics, sports, health, entertainment, geography? 
OPTIONS:
-science
- travel
- politics
- sports
- health
- entertainment
- geography
-ANSWER: travel</s>"
ኤሮስሚዝ ነቲ ኣብ ጉዕዘኦም ዝተረፈ ሙዚቃዊ ምርኢት ሰሪዛቶ እያ።,entertainment,travel,"SENTENCE:
 ኤሮስሚዝ ነቲ ኣብ ጉዕዘኦም ዝተረፈ ሙዚቃዊ ምርኢት ሰሪዛቶ እያ። 
 Is this SENTENCE science, travel, politics, sports, health, entertainment, geography? 
OPTIONS:
-science
- travel
- politics
- sports
- health
- entertainment
- geography
-ANSWER: travel</s>"
እቲ ፌስቲቫል ክግበር ከሎ ኣብ ቐረባ ኸባቢ ክትኾኑ እንተ ደሊኹም ንሙዚቃ ዝግበረሉ ቦታ ዝቐርብ ናይ ካምፕ ጣብያ ንምርካብ ገስጊስኩም ምእታው የግበኣኩም።,entertainment,travel,"SENTENCE:
 እቲ ፌስቲቫል ክግበር ከሎ ኣብ ቐረባ ኸባቢ ክትኾኑ እንተ ደሊኹም ንሙዚቃ ዝግበረሉ ቦታ ዝቐርብ ናይ ካምፕ ጣብያ ንምርካብ ገስጊስኩም ምእታው የግበኣኩም። 
 Is this SENTENCE science, travel, politics, sports, health, entertainment, geography? 
OPTIONS:
-science
- travel
- politics
- sports
- health
- entertainment
- geography
-ANSWER: travel</s>"
ኣብ ውሽጢ ዝሓለፉ ዓመታት ኣብ ጥቕሚ ዝወዓሉ ብዙሓት ዝተፈላለዩ ናይ ፊልም ፎርማት ኣለዉ። እቲ ኣብነታዊ 35mm ፊልም(36 ብ24mm ኣሉታዊ) ኣዝዩ ልሙድ እዩ።,entertainment,entertainment,"SENTENCE:
 ኣብ ውሽጢ ዝሓለፉ ዓመታት ኣብ ጥቕሚ ዝወዓሉ ብዙሓት ዝተፈላለዩ ናይ ፊልም ፎርማት ኣለዉ። እቲ ኣብነታዊ 35mm ፊልም(36 ብ24mm ኣሉታዊ) ኣዝዩ ልሙድ እዩ። 
 Is this SENTENCE science, travel, politics, sports, health, entertainment, geography? 
OPTIONS:
-science
- travel
- politics
- sports
- health
- entertainment
- geography
-ANSWER: entertainment</s>"
እዚ ብጣዕሚ ልሙድ ዝኾነ ንጥፈት ዋላ እንተኾነ፣ ብ ዲዝኒ ተኸልኪሉ እዩ፥ እቶም ትኬታት ዘይተማሓላለፍቲ እዮም።,entertainment,travel,"SENTENCE:
 እዚ ብጣዕሚ ልሙድ ዝኾነ ንጥፈት ዋላ እንተኾነ፣ ብ ዲዝኒ ተኸልኪሉ እዩ፥ እቶም ትኬታት ዘይተማሓላለፍቲ እዮም። 
 Is this SENTENCE science, travel, politics, sports, health, entertainment, geography? 
OPTIONS:
-science
- travel
- politics
- sports
- health
- entertainment
- geography
-ANSWER: travel</s>"
ሕድሕድ ናይቲ ምርኢት ክፋል ኣብ ናይ ሕድሕድ መጽሓፍ ጭብጢ ዘትኩር ኮይኑ ነቲ ጭብጢ ከዓ ብቡዙሓት ታሪኻት ኣደጊፉ ይድህስሶ።,entertainment,travel,"SENTENCE:
 ሕድሕድ ናይቲ ምርኢት ክፋል ኣብ ናይ ሕድሕድ መጽሓፍ ጭብጢ ዘትኩር ኮይኑ ነቲ ጭብጢ ከዓ ብቡዙሓት ታሪኻት ኣደጊፉ ይድህስሶ። 
 Is this SENTENCE science, travel, politics, sports, health, entertainment, geography? 
OPTIONS:
-science
- travel
- politics
- sports
- health
- entertainment
- geography
-ANSWER: travel</s>"
ኣብ ሮም፣ እቲ ህዝቢ ነቲ ጽንብል ንኽዕዘቦ ኣብ ዝተፈላለየ ከባቢታት ዓበይቲ ናይ ቴለቪዥን መጋረጃታት ተተኺሉ ነይሩ።,entertainment,travel,"SENTENCE:
 ኣብ ሮም፣ እቲ ህዝቢ ነቲ ጽንብል ንኽዕዘቦ ኣብ ዝተፈላለየ ከባቢታት ዓበይቲ ናይ ቴለቪዥን መጋረጃታት ተተኺሉ ነይሩ። 
 Is this SENTENCE science, travel, politics, sports, health, entertainment, geography? 
OPTIONS:
-science
- travel
- politics
- sports
- health
- entertainment
- geography
-ANSWER: travel</s>"
ሶፎክለስን ኣሪስቶፋነስን ክሳዕ ሕጂ ህቡባት ደረስቲ ተዋስኦ ዀይኖም ኣለዉ እቲ ተዋስኦታቶም ከኣ ሓደ ኻብቲ ኣብ ዓለም ዘሎ ዓበይቲ ጽሑፋት ጌርካ እዩ ዚርአ ።,entertainment,travel,"SENTENCE:
 ሶፎክለስን ኣሪስቶፋነስን ክሳዕ ሕጂ ህቡባት ደረስቲ ተዋስኦ ዀይኖም ኣለዉ እቲ ተዋስኦታቶም ከኣ ሓደ ኻብቲ ኣብ ዓለም ዘሎ ዓበይቲ ጽሑፋት ጌርካ እዩ ዚርአ ። 
 Is this SENTENCE science, travel, politics, sports, health, entertainment, geography? 
OPTIONS:
-science
- travel
- politics
- sports
- health
- entertainment
- geography
-ANSWER: travel</s>"
ኣብ ነፍስወከፍ ምርኢት፣ ንህጻናት ዝኾኑ መጽሓፋት ኣብ ቤት-ንባብ ክርከቡ ዝኽእሉ ዝምልከት ምኽሪ ከም ተወሳኺ ይህቡ።,entertainment,travel,"SENTENCE:
 ኣብ ነፍስወከፍ ምርኢት፣ ንህጻናት ዝኾኑ መጽሓፋት ኣብ ቤት-ንባብ ክርከቡ ዝኽእሉ ዝምልከት ምኽሪ ከም ተወሳኺ ይህቡ። 
 Is this SENTENCE science, travel, politics, sports, health, entertainment, geography? 
OPTIONS:
-science
- travel
- politics
- sports
- health
- entertainment
- geography
-ANSWER: travel</s>"
ኣብ ኣኮርዲዮን ዝያዳ መጠን ድምጺ ምእንቲ ኺህልወካ ዝያዳ ጸቕጢ ወይ ፍጥነት ኢኻ እትጥቀም።,entertainment,travel,"SENTENCE:
 ኣብ ኣኮርዲዮን ዝያዳ መጠን ድምጺ ምእንቲ ኺህልወካ ዝያዳ ጸቕጢ ወይ ፍጥነት ኢኻ እትጥቀም። 
 Is this SENTENCE science, travel, politics, sports, health, entertainment, geography? 
OPTIONS:
-science
- travel
- politics
- sports
- health
- entertainment
- geography
-ANSWER: travel</s>"
ነዞም ፒራሚዳት ብጸልማት ክትርእዮምን ቅድሚ እቲ ምርኢት ምጅማሩ ድማ ኣብ ጽምዋ ክትርእዮምን ትኽእል ኢኻ።,entertainment,travel,"SENTENCE:
 ነዞም ፒራሚዳት ብጸልማት ክትርእዮምን ቅድሚ እቲ ምርኢት ምጅማሩ ድማ ኣብ ጽምዋ ክትርእዮምን ትኽእል ኢኻ። 
 Is this SENTENCE science, travel, politics, sports, health, entertainment, geography? 
OPTIONS:
-science
- travel
- politics
- sports
- health
- entertainment
- geography
-ANSWER: travel</s>"
ኣብዚ ቦታ ዝተካየዱ ተግባራት ኣብነታት ሃደን ፣ ዓሳ ምሓዝ ፣ ፎቶግራፍ ምትሳእ ፣ ኣዕዋፍ ምዕዛብ ከምኡውን መዕቆቢ እንስሳት ምብጻሕ ከምኡውን ስለ ስርዓተ-ማሕድሮ ሓበሬታ ምጽናዕ እዮም።,entertainment,travel,"SENTENCE:
 ኣብዚ ቦታ ዝተካየዱ ተግባራት ኣብነታት ሃደን ፣ ዓሳ ምሓዝ ፣ ፎቶግራፍ ምትሳእ ፣ ኣዕዋፍ ምዕዛብ ከምኡውን መዕቆቢ እንስሳት ምብጻሕ ከምኡውን ስለ ስርዓተ-ማሕድሮ ሓበሬታ ምጽናዕ እዮም። 
 Is this SENTENCE science, travel, politics, sports, health, entertainment, geography? 
OPTIONS:
-science
- travel
- politics
- sports
- health
- entertainment
- geography
-ANSWER: travel</s>"
ስፊኒክስ ናይ ሕሉፍን ነዊሕን ታሪክ ገለፂ እዩ።,entertainment,travel,"SENTENCE:
 ስፊኒክስ ናይ ሕሉፍን ነዊሕን ታሪክ ገለፂ እዩ። 
 Is this SENTENCE science, travel, politics, sports, health, entertainment, geography? 
OPTIONS:
-science
- travel
- politics
- sports
- health
- entertainment
- geography
-ANSWER: travel</s>"
ኣጋይሽ ኣብ ጽቡቕ መንፈስ ንክኾኑን ኣብ'ቲ ከባቢ ንኽጸንሑን፣ ፍሉይ ምግቢ፣ መስተን መዘናግዒ መደባትን ኣለዎም።,entertainment,travel,"SENTENCE:
 ኣጋይሽ ኣብ ጽቡቕ መንፈስ ንክኾኑን ኣብ'ቲ ከባቢ ንኽጸንሑን፣ ፍሉይ ምግቢ፣ መስተን መዘናግዒ መደባትን ኣለዎም። 
 Is this SENTENCE science, travel, politics, sports, health, entertainment, geography? 
OPTIONS:
-science
- travel
- politics
- sports
- health
- entertainment
- geography
-ANSWER: travel</s>"
ዓለምለኻዊ ውድብ ብእንግሊዝኛን ብጃፓንኛን ጸብጻብ ስለ ዝህብ ንተሌቪዥን፣ ንመርበብን ንሞባይልን ዝኸውን መደባት ስጳንኛ፣ ጣልያንኛን ኮርያኛን የዳሉ ኣሎ።,entertainment,travel,"SENTENCE:
 ዓለምለኻዊ ውድብ ብእንግሊዝኛን ብጃፓንኛን ጸብጻብ ስለ ዝህብ ንተሌቪዥን፣ ንመርበብን ንሞባይልን ዝኸውን መደባት ስጳንኛ፣ ጣልያንኛን ኮርያኛን የዳሉ ኣሎ። 
 Is this SENTENCE science, travel, politics, sports, health, entertainment, geography? 
OPTIONS:
-science
- travel
- politics
- sports
- health
- entertainment
- geography
-ANSWER: travel</s>"
ኣብ ሲምፕሶንስ ቅድሚ ምስርሑ ሳይሞን ኣብ ብዙሕ ምርኢታት ዝተፈላለዩ ሞያዊ መደባት ሰሪሑ እዩ ።,entertainment,travel,"SENTENCE:
 ኣብ ሲምፕሶንስ ቅድሚ ምስርሑ ሳይሞን ኣብ ብዙሕ ምርኢታት ዝተፈላለዩ ሞያዊ መደባት ሰሪሑ እዩ ። 
 Is this SENTENCE science, travel, politics, sports, health, entertainment, geography? 
OPTIONS:
-science
- travel
- politics
- sports
- health
- entertainment
- geography
-ANSWER: travel</s>"
እዚ ድማ ተጻወትቲ ነቲ መሳርሒ ብኣየር ብምንቅስቃስ ኣብ ውሽጢ ቪደዮተይፕ ጸወታታት ስጉምትታት ከምኡውን ምንቅስቓሳት ንክቆጻጸሩ የኽእሎም።,entertainment,travel,"SENTENCE:
 እዚ ድማ ተጻወትቲ ነቲ መሳርሒ ብኣየር ብምንቅስቃስ ኣብ ውሽጢ ቪደዮተይፕ ጸወታታት ስጉምትታት ከምኡውን ምንቅስቓሳት ንክቆጻጸሩ የኽእሎም። 
 Is this SENTENCE science, travel, politics, sports, health, entertainment, geography? 
OPTIONS:
-science
- travel
- politics
- sports
- health
- entertainment
- geography
-ANSWER: travel</s>"
ናይ'ቶም ዓሚ ዝተመርዓዉ ሰብ ሓዳር እዮቤል ንምኽባር ኣብ ዝተገብረ ጽምብል ብውሕዱ 100 ሰባት ተረኺቦም ነይሮም።,entertainment,travel,"SENTENCE:
 ናይ'ቶም ዓሚ ዝተመርዓዉ ሰብ ሓዳር እዮቤል ንምኽባር ኣብ ዝተገብረ ጽምብል ብውሕዱ 100 ሰባት ተረኺቦም ነይሮም። 
 Is this SENTENCE science, travel, politics, sports, health, entertainment, geography? 
OPTIONS:
-science
- travel
- politics
- sports
- health
- entertainment
- geography
-ANSWER: travel</s>"
ካብ “ኦድሽን (ዘ ፉልስ ሁ ድሪም)ን ሲቲ ስታርስ”ን ዝብል ፊልሚ ክልተ ደርፍታት ን“ብሉጻት ኦርጂናል ደርፍታት” ተሓርየን። ካብ ማንም ስቱድዮ ንላዕሊ—ላዮንስጌት ስቱድዮ 26 ሕፀታት ተሓጽዩ።,entertainment,travel,"SENTENCE:
 ካብ “ኦድሽን (ዘ ፉልስ ሁ ድሪም)ን ሲቲ ስታርስ”ን ዝብል ፊልሚ ክልተ ደርፍታት ን“ብሉጻት ኦርጂናል ደርፍታት” ተሓርየን። ካብ ማንም ስቱድዮ ንላዕሊ—ላዮንስጌት ስቱድዮ 26 ሕፀታት ተሓጽዩ። 
 Is this SENTENCE science, travel, politics, sports, health, entertainment, geography? 
OPTIONS:
-science
- travel
- politics
- sports
- health
- entertainment
- geography
-ANSWER: travel</s>"
እቲ ቅርፍቲ ብቀረባ ናይ ኣስታት 70 ኪሜ፣ ኣብ ርሑቕ ድማ 100 ኪሜ ርጉዲ ኣለዎ።,geography,travel,"SENTENCE:
 እቲ ቅርፍቲ ብቀረባ ናይ ኣስታት 70 ኪሜ፣ ኣብ ርሑቕ ድማ 100 ኪሜ ርጉዲ ኣለዎ። 
 Is this SENTENCE science, travel, politics, sports, health, entertainment, geography? 
OPTIONS:
-science
- travel
- politics
- sports
- health
- entertainment
- geography
-ANSWER: travel</s>"
ርሑቕ ደቡባ ናያግራ እንትኸውን ብወገን ሰሜን ድማ እቲ ዘይተነኽአ ናይ ሙስኮካን ካብ ሙስኮካ ብዝሓለፈ ዘሎ ስፍራ ናይ ተፈጥሮ ፅባቐ እዩ።,geography,travel,"SENTENCE:
 ርሑቕ ደቡባ ናያግራ እንትኸውን ብወገን ሰሜን ድማ እቲ ዘይተነኽአ ናይ ሙስኮካን ካብ ሙስኮካ ብዝሓለፈ ዘሎ ስፍራ ናይ ተፈጥሮ ፅባቐ እዩ። 
 Is this SENTENCE science, travel, politics, sports, health, entertainment, geography? 
OPTIONS:
-science
- travel
- politics
- sports
- health
- entertainment
- geography
-ANSWER: travel</s>"
ኢልስዎርዝ መሬት ኣብ ደቡባዊ ፔኔንዙዌላ ዝርከብ ክልል እንትኾን ብ ባሕሪ በሊንግሿዘን ዝተኸበበ እዩ።,geography,travel,"SENTENCE:
 ኢልስዎርዝ መሬት ኣብ ደቡባዊ ፔኔንዙዌላ ዝርከብ ክልል እንትኾን ብ ባሕሪ በሊንግሿዘን ዝተኸበበ እዩ። 
 Is this SENTENCE science, travel, politics, sports, health, entertainment, geography? 
OPTIONS:
-science
- travel
- politics
- sports
- health
- entertainment
- geography
-ANSWER: travel</s>"
ደቡባዊ ንፍቀክቢ ትራቨርስ (ወይ ጽርግያ) ካብቲ ኣብ ባሕሪ ሮስ ዚርከብ መደበር ማክማርዶ ኽሳዕ ዓንዲ 1600 ኪሎ ሜተር ርሒቑ ዚርከብ መገዲ እዩ።,geography,travel,"SENTENCE:
 ደቡባዊ ንፍቀክቢ ትራቨርስ (ወይ ጽርግያ) ካብቲ ኣብ ባሕሪ ሮስ ዚርከብ መደበር ማክማርዶ ኽሳዕ ዓንዲ 1600 ኪሎ ሜተር ርሒቑ ዚርከብ መገዲ እዩ። 
 Is this SENTENCE science, travel, politics, sports, health, entertainment, geography? 
OPTIONS:
-science
- travel
- politics
- sports
- health
- entertainment
- geography
-ANSWER: travel</s>"
ኣብ ማቹ ፒቹ ሰሜናዊት ጫፍ ዘሎ ዓቀበታዊ እምባ፣ ብዙሕ ግዘ ነቶም ፍርስራሳት ፎቶ ከልዕልዎም ከለው ብድሕሪት ዝኣቱ ዓብዪ እምባ እዩ።,geography,travel,"SENTENCE:
 ኣብ ማቹ ፒቹ ሰሜናዊት ጫፍ ዘሎ ዓቀበታዊ እምባ፣ ብዙሕ ግዘ ነቶም ፍርስራሳት ፎቶ ከልዕልዎም ከለው ብድሕሪት ዝኣቱ ዓብዪ እምባ እዩ። 
 Is this SENTENCE science, travel, politics, sports, health, entertainment, geography? 
OPTIONS:
-science
- travel
- politics
- sports
- health
- entertainment
- geography
-ANSWER: travel</s>"
ኢንሲላዱስ ብጣዕሚ ኣንጸባራቒ ካብ ዝበሃሉ ኣብ ስርዓት ፀሓይ ካብዘለዉ ነገራት ናይ መጀመርያ ኮይኑ 90 ሚኢታዊ ኣብኡ ዝዓረፈ ብርሃን ኣንጸባሪቑ ይምልስ።,geography,sports,"SENTENCE:
 ኢንሲላዱስ ብጣዕሚ ኣንጸባራቒ ካብ ዝበሃሉ ኣብ ስርዓት ፀሓይ ካብዘለዉ ነገራት ናይ መጀመርያ ኮይኑ 90 ሚኢታዊ ኣብኡ ዝዓረፈ ብርሃን ኣንጸባሪቑ ይምልስ። 
 Is this SENTENCE science, travel, politics, sports, health, entertainment, geography? 
OPTIONS:
-science
- travel
- politics
- sports
- health
- entertainment
- geography
-ANSWER: sports</s>"
ሓንሳእ ናብ ውሽጢ እቲ በዓቲ ምስ ኣተኹ ምሉእ ብምሉእ ተገሊላ እያ ዘላ። ካብቲ ኣብ ላዕሊ ዘሎ ጽሩይን ባህ ዜብልን ሰማይን ካብቲ ኣብ ከባቢኡ ዚርከብ ኣኽራንን ሓሊፉ ኻልእ ኪርአ ኣይክእልን እዩ ። ካብ ውሽጢ እቲ በዓቲ እዛ ዓለም እዚኣ ብዙሕ ክትርአ ወይ ክትስማዕ ኣይትኽእልን ኢኻ።,geography,travel,"SENTENCE:
 ሓንሳእ ናብ ውሽጢ እቲ በዓቲ ምስ ኣተኹ ምሉእ ብምሉእ ተገሊላ እያ ዘላ። ካብቲ ኣብ ላዕሊ ዘሎ ጽሩይን ባህ ዜብልን ሰማይን ካብቲ ኣብ ከባቢኡ ዚርከብ ኣኽራንን ሓሊፉ ኻልእ ኪርአ ኣይክእልን እዩ ። ካብ ውሽጢ እቲ በዓቲ እዛ ዓለም እዚኣ ብዙሕ ክትርአ ወይ ክትስማዕ ኣይትኽእልን ኢኻ። 
 Is this SENTENCE science, travel, politics, sports, health, entertainment, geography? 
OPTIONS:
-science
- travel
- politics
- sports
- health
- entertainment
- geography
-ANSWER: travel</s>"
ሕጂ ናብ ጃፓን ። ጃፓን ልክዕ ከም ብሪጣንያ ደሴት እያ ነይራ ።,geography,travel,"SENTENCE:
 ሕጂ ናብ ጃፓን ። ጃፓን ልክዕ ከም ብሪጣንያ ደሴት እያ ነይራ ። 
 Is this SENTENCE science, travel, politics, sports, health, entertainment, geography? 
OPTIONS:
-science
- travel
- politics
- sports
- health
- entertainment
- geography
-ANSWER: travel</s>"
ኣብዚ ጫፍ፣ ትሮፒካል ሳይክሎን ጎኑ፣ ነቲ ካብ ናይ ስየ ቖፅሊ ዝተሰርሐ ቦርሳ ብቋንቋ ማልዲቨስ ተሰይሙ፣ ዘየቋርፅንፋስ ን240ኪሜ ኣብ ሰዓት (149 ማይልስ ኣብ ሰዓት) በፂሑ።,geography,travel,"SENTENCE:
 ኣብዚ ጫፍ፣ ትሮፒካል ሳይክሎን ጎኑ፣ ነቲ ካብ ናይ ስየ ቖፅሊ ዝተሰርሐ ቦርሳ ብቋንቋ ማልዲቨስ ተሰይሙ፣ ዘየቋርፅንፋስ ን240ኪሜ ኣብ ሰዓት (149 ማይልስ ኣብ ሰዓት) በፂሑ። 
 Is this SENTENCE science, travel, politics, sports, health, entertainment, geography? 
OPTIONS:
-science
- travel
- politics
- sports
- health
- entertainment
- geography
-ANSWER: travel</s>"
"ቀላያት ዚርከብዎ ኸባቢ ቱርኪ 783,562 ትርብዒት ኪሎ ሜተር (300,948 ትርብዒት ሚኢ) ዝሓዘ እዩ፣ ካብዚ ድማ 755,688 ትርብዒት ኪሎ ሜተር (291,773 ትርብዒት ሚኢ) ኣብ ደቡባዊ ምዕራብ እስያ ኣብ ኤውሮጳ ድማ 23,764 ትርብዒት ኪሎ ሜተር እዩ።",geography,travel,"SENTENCE:
 ቀላያት ዚርከብዎ ኸባቢ ቱርኪ 783,562 ትርብዒት ኪሎ ሜተር (300,948 ትርብዒት ሚኢ) ዝሓዘ እዩ፣ ካብዚ ድማ 755,688 ትርብዒት ኪሎ ሜተር (291,773 ትርብዒት ሚኢ) ኣብ ደቡባዊ ምዕራብ እስያ ኣብ ኤውሮጳ ድማ 23,764 ትርብዒት ኪሎ ሜተር እዩ። 
 Is this SENTENCE science, travel, politics, sports, health, entertainment, geography? 
OPTIONS:
-science
- travel
- politics
- sports
- health
- entertainment
- geography
-ANSWER: travel</s>"
ብ 1819 ዝተረኽበ ናይ ደቡብ ሸትላንድ ደሴታት ብብዙሕ ሃገራት ይግበኣኒ ሕቶታትን ኣዝዩ ብጣዕሚ ብዙሕ ካብምፒ ዘለዉ ኮይኑ ኣብ 2020 እ.ኤ.አ. 16 ካምፕታት ኣብስራሕ ኣለዋ።,geography,travel,"SENTENCE:
 ብ 1819 ዝተረኽበ ናይ ደቡብ ሸትላንድ ደሴታት ብብዙሕ ሃገራት ይግበኣኒ ሕቶታትን ኣዝዩ ብጣዕሚ ብዙሕ ካብምፒ ዘለዉ ኮይኑ ኣብ 2020 እ.ኤ.አ. 16 ካምፕታት ኣብስራሕ ኣለዋ። 
 Is this SENTENCE science, travel, politics, sports, health, entertainment, geography? 
OPTIONS:
-science
- travel
- politics
- sports
- health
- entertainment
- geography
-ANSWER: travel</s>"
"ኣፒያ ርእሰ ከተማ ሳሞኣ እያ። እታ ከተማ አብ ዩፑሉ አብ ትባሃል ደሴት ትርከብ ኮይና ትሕቲ 40,000 በዝሒ ህዝቢ አለዋ።",geography,travel,"SENTENCE:
 ኣፒያ ርእሰ ከተማ ሳሞኣ እያ። እታ ከተማ አብ ዩፑሉ አብ ትባሃል ደሴት ትርከብ ኮይና ትሕቲ 40,000 በዝሒ ህዝቢ አለዋ። 
 Is this SENTENCE science, travel, politics, sports, health, entertainment, geography? 
OPTIONS:
-science
- travel
- politics
- sports
- health
- entertainment
- geography
-ANSWER: travel</s>"
እቲ ህቦብላ ካብ መሬት ኣዝዩ ዝረሓቐ ብምዃኑ ኣብ ሕቡራት መንግስታት ኣሜሪካ ወይ ካሪብያን ከሕድሮ ዝኽእል ጽልዋ ንምግምጋም ኣጸጋሚ እዩ ።,geography,travel,"SENTENCE:
 እቲ ህቦብላ ካብ መሬት ኣዝዩ ዝረሓቐ ብምዃኑ ኣብ ሕቡራት መንግስታት ኣሜሪካ ወይ ካሪብያን ከሕድሮ ዝኽእል ጽልዋ ንምግምጋም ኣጸጋሚ እዩ ። 
 Is this SENTENCE science, travel, politics, sports, health, entertainment, geography? 
OPTIONS:
-science
- travel
- politics
- sports
- health
- entertainment
- geography
-ANSWER: travel</s>"
ኣብ ትሕቲ ማሪያ ቀጢን ከምኡውን ኣብ በሪክቦታ ረጒድ እዩ።,geography,travel,"SENTENCE:
 ኣብ ትሕቲ ማሪያ ቀጢን ከምኡውን ኣብ በሪክቦታ ረጒድ እዩ። 
 Is this SENTENCE science, travel, politics, sports, health, entertainment, geography? 
OPTIONS:
-science
- travel
- politics
- sports
- health
- entertainment
- geography
-ANSWER: travel</s>"
እቲ ዱር ብተኽሊ ሾራ ጥራይ ዘዕለቕለቀ ኣይኮነን፣ ካብቲ ሓደ እዋን ንሜዳ ጋንገቲ ሸፊኖም ዝነበሩ ብርቱዓት ደው ዝበሉ ጣሻታት ዝተረፉ ዝተወሰኑ እውን ሓቚፉ ይርከብ።,geography,travel,"SENTENCE:
 እቲ ዱር ብተኽሊ ሾራ ጥራይ ዘዕለቕለቀ ኣይኮነን፣ ካብቲ ሓደ እዋን ንሜዳ ጋንገቲ ሸፊኖም ዝነበሩ ብርቱዓት ደው ዝበሉ ጣሻታት ዝተረፉ ዝተወሰኑ እውን ሓቚፉ ይርከብ። 
 Is this SENTENCE science, travel, politics, sports, health, entertainment, geography? 
OPTIONS:
-science
- travel
- politics
- sports
- health
- entertainment
- geography
-ANSWER: travel</s>"
ኣብቲ ዝሓለፈ ሰሙን ኣብ ኣይስላንድ ናይ መሬት ምንቅጥቃጥ ከምዘይነበረ ናይ ሕቡራት መንግስታት ኣሜሪካ ጂኦሎጂያዊ ዳህሳስ ዓለምለኻዊ ናይ መሬት ምንቅጥቃጥ ካርታ ይገልጽ።,geography,travel,"SENTENCE:
 ኣብቲ ዝሓለፈ ሰሙን ኣብ ኣይስላንድ ናይ መሬት ምንቅጥቃጥ ከምዘይነበረ ናይ ሕቡራት መንግስታት ኣሜሪካ ጂኦሎጂያዊ ዳህሳስ ዓለምለኻዊ ናይ መሬት ምንቅጥቃጥ ካርታ ይገልጽ። 
 Is this SENTENCE science, travel, politics, sports, health, entertainment, geography? 
OPTIONS:
-science
- travel
- politics
- sports
- health
- entertainment
- geography
-ANSWER: travel</s>"
እቲ በዓቲ ኣብ ርእሲ ሓደ ኻብቲ ብሸነኽ ሰሜን መካ ዚርከብ ኣኽራን ስለ ዚዓርፍ ካብ ዝተረፈ ኽፋል ዓለም ምሉእ ብምሉእ እተፈልየ እዩ።,geography,travel,"SENTENCE:
 እቲ በዓቲ ኣብ ርእሲ ሓደ ኻብቲ ብሸነኽ ሰሜን መካ ዚርከብ ኣኽራን ስለ ዚዓርፍ ካብ ዝተረፈ ኽፋል ዓለም ምሉእ ብምሉእ እተፈልየ እዩ። 
 Is this SENTENCE science, travel, politics, sports, health, entertainment, geography? 
OPTIONS:
-science
- travel
- politics
- sports
- health
- entertainment
- geography
-ANSWER: travel</s>"
