text,actual_category,predicted_category
"Mutasi manambah variasi genetik baru, dan seleksi maapuihnyo dari kumpualan variasi taekspresikan.",science/technology,sports
Bom atom bakarajo sasuai prinsip bahasonyo paralu energi untuak manyatuan inti atom jo banyak proton sarato neutron.,science/technology,entertainment
Inti atom ko tadiri ateh duo partikel – neutron jo proton.,science/technology,entertainment
Hal iko mambuek lensa zoom bisa mambuek gambar bakualitas sabandiang jo nan dicapai lensa jo jarak pokus nan tatap.,science/technology,entertainment
"Untuak babarapo alasan urang tu mampunyoi kuaso tahadok web proxies: inyo manguasoi lalu linteh internet, indak hanyo htpp.",science/technology,sports
Desain interaktip mamaraluan dunsanak untuak maninjau ulang soal asumsi tantang produksi media dan baraja untuak bapikia jo caro nan indak linier.,science/technology,entertainment
"Hal iko manjadi katantuan umum, tapi basi tu mambuek roda kayu padati labiah capek abih.",science/technology,entertainment
"Kawanan tabantuak dari ciek atau tigo jantan gadang nan batalian, sarato jo sabanyak tigo puluah batino jo anak singo.",science/technology,entertainment
"Walau AI acok dikaikan sabuah makna kieh carito hayalan ilimu pangatauan, AI manjadi cabang nan sangaik pantiang di bidang ilimu pangatauan komputer, nan baurusan jo parangai, pambalajaran, jo panyasuaian kapandaian dari sabuah masin.",science/technology,entertainment
Aspek rasio dari format ko (dibagi duo baleh untuak mandapekan rasio saluruah-nomor) dek karano itu disabuik 3:2.,science/technology,entertainment
"Umumnyo satelit talepon indak dapek mambarantian karajo hape, sarancaknyo dunsanak kalua ruangan nan tajangkau dek satelit untuak manalepon.",science/technology,entertainment
"Walaupun padati tu hanyo tabuek dari susunan kayu nan saarah, urang-urang bisa manggunoan kudo untuak maelonyo supayo bisa balari labiah kancang jo bisa maelo baban labiah banyak daripado nan ado di jalan nan labiah buruak.",science/technology,entertainment
"Urang-urang alah mangataui tantang unsua-unsua kimia patamo sarupo ameh, perak, jo tambago sajak maso nan lampau, karano kasadonyo tasuo di alam dalam bantuak nan subananyo sarato cukuik murah digali manggunoan alaik-alaik nan alun moderen.",science/technology,entertainment
Roda alah maubah dunia sacaro lua biaso. Manfaaik paliang gadang dari roda bagi awak adolah transportasi nan jauah labiah mudah jo labiah capek.,science/technology,entertainment
Iko dibantuak untuak mamastian gambar bisa manutuik kasadoalahan layar. Itu disabuik overscan.,science/technology,entertainment
Kapa salam Jerman namonyo U-Boats. Urang Jerman pandai maarahan dan manjalanan kapa salamnyo.,science/technology,entertainment
"Walaupun bantuak nan nampak dek awak nyo barubah, bantuak kimianyo tatap sajo samo.",science/technology,entertainment
Tegangan pamukoan tajadi karano molekul aia di pamukoan aia labiah kancang taegangnyo daripado molekul udaro di atehnyo.,science/technology,entertainment
Salah satu masalah paliang umum katiko mangubah pilem ka bantuak DVD adolah overscan.,science/technology,entertainment
"Sacaro khusus, dinyatoan bahasonyo surang urang dapek mangatahui apokah urang ko sadang baduto jo manafsiran sacaro tapek ekspresi-mikro.",science/technology,entertainment
Ameh dapek diolah manjadi sagalo macam bantuak. Ameh bisa diguluang manjadi bantuak nan ketek.,science/technology,entertainment
"Susunan AI kini acok digunoan di bidang ekonomi, ubek, teknik, sarato katantaraan, sarupo nan alah dibuek di babarapo komputer rumah sarato bagian parangkaik lunak pamainan pidio.",science/technology,entertainment
"Sampai ari ko masih diproduksi, tapi nan labiah paralu adolah aspek rasio nan alah diwarisi dek pormat sensor gambar kamera digital.",science/technology,entertainment
Aturan sapatigo nan acok-disalahgunoan dan acok-digalakan adolah aturan sadarano nan mambuek kadinamisan sambia tatap manjago kataraturan dari sabuah gambar.,science/technology,entertainment
"Iko indak hanyo maagih tau bahasonyo seindak-indaknyo babarapo dinosauruih mampunyoi bulu, adolah sabuah teori nan alah tasebar luweh, tetapi maagihan rincian nan pado umumnyo indak dapek ditamuan n fosil, seroman warna-warna dan susunan tigo dimensi.",science/technology,science/technology
"Baa gravitasi Io dapek maelo awak? Pabilo dunsanak tagak di pamukoannyo Io, barek dunsanak ka bakurang daripado katiko dunsanak barado di Bumi.",science/technology,entertainment
NextGen adolah sistem nan dinyatoan dek FAA ka mambuek kapa tabang tabang jo rute nan labiah pendek dan maimaik jutaan galon bahan baka satiok taun dan mangurangi emisi karabon.,science/technology,entertainment
Katarangan Ahli utak jo saraf manyadioan bukti nyato untuak ancangan badasarkan panalitian ka panyalidikan tahadap kasadaran. Itu mambuek area panalitian manjadi labiah sampik sarato labiah tapek.,science/technology,entertainment
"Salamo 2 jam pidatonyo inyo manyatoan bahasonyo ""Hari iko Apple akan manamukan baliak hape, Kami akan mambuek sajarah kini ko"".",science/technology,entertainment
Karugian dari lensa zoom adolah kompleksitas fokus dan sajumlah elemen lensa diparaluan untuak mancapai jarak dari panjang jarak fokus nan labiah gadang daripado untuak lensa utamo.,science/technology,sports
"Manyarupoi remot tipi, pangontrol tu manggunoan duo sensor nan ditampekan di dakek tipi pangguno untuak triangulasi lataknyo dalam ruang tigo dimensi.",science/technology,entertainment
Para ilmuwan mangecekan bulu-bulu binatang ko berwarna coklat kasirah-sirahan di bagian ateh dengan bagian bawah berwarna pucek atau kuniang sirah.,science/technology,science/technology
"Kaduo sanyawa tasabuik bareaksi satu samo lain mambantuak kristal nan dapek maambek karajo ginjal, kecek para panaliti di universitas tasabuik.",science/technology,entertainment
Iko akan maagiah resolusi ampia 4 kali negatif 35 mm (3136 mm2 malawan 864).,science/technology,entertainment
"Barakaik kabel sarabuik optik bawah lauik ka Eropa sarato satelit bajalaur leba, Greenland taubuang elok jo 93% panduduaknyo nan taubuang ka internet.",science/technology,entertainment
"Salah satu aplikasi nan paliang manonjol di kalompok ko adolah Google Translate, dimano bisa manerjamahan sacaro offline sasudah mandownload data bahaso nan diinginan.",science/technology,entertainment
"Inyo punyo susunan molakual nan samo, baiak itu barado dalam kaadaan uok, caia, ataupun padek.",science/technology,entertainment
"Panggunoan rakaman pideo alah mambuek panamuan pantiang dalam panafsiran ekspresi-mikro, aia muko nan balangsuang hanyo babarapo mili datiak.",science/technology,entertainment
Manusia alah mambuek jo manggunoan lensa untuak panggadang salamo baribu-ribu taun.,science/technology,entertainment
"Indak itu sajo, uji cubo, uji cubo adolah pengujian nan digunoan untuak mangurangi ciek atau labiah dugoan nan mungkin, mangamukoan patanyoan sarato malakuan paninjauan ikuik pulo mamandu panalitian nan basipaik ilimu pangatauan.",science/technology,entertainment
"Akhianyo, roda kayu diganti jo roda basi. Pado taun 1767, rel basi kasaluruhan patamo kali dipakai.",science/technology,entertainment
"Katiko ado babarapo karatu bisa manalepon dima sajo, babarapo layanan fokus ka manyadioan panggilan jo biaya nan murah ka babarapo kalompok nagari.",science/technology,entertainment
Ampia sado teleskop riset modern barupo fasilitas nan gadang dan talatak di daerah tapancia nan punyo kondisi rancak.,science/technology,entertainment
Jarum baja maapuang di ateh aia karano tagangan pamukoan.,science/technology,entertainment
"Ukuran 35mm sabananyo, agak mambuek binguang, leba 36mm jo tinggi 24mm.",science/technology,entertainment
"Sel sangaiklah mandasar sarato sangaik pantiang untuak palajaran tantang kahidupan, kanyatoannyo, sampai-sampai sel acok disabuik sabagai ""balok panyusun kahidupan"".",science/technology,entertainment
VPN (virtual private network) pribadi manyadioan solusi nan rancak untuak maindaan dari sensor politik dan panyaringan IP geograpis komersial.,science/technology,sports
"Stasiun bisa manjago kasaimbangannyo, walau kailangan giroskop sabalunnyo pado misi stasiun angkaso lua, hinggo akhia maso bajalan di angkaso.",science/technology,entertainment
"Orang-orang dengan tipe pemikiran ini memiliki pemikiran logis, mampu untuk mengingat pola, memecahkan masalah dan menyelesaikan ujian saintifik",science/technology,entertainment
"Ocelot suko mamakan binatang ketek. Ocelot manangkok karo, ula, binatang pangarek jo buruang jikok bisa. Ampia sado binatang nan ocelot buru jauah labiah ketek daripado inyo.",science/technology,entertainment
"Babarapo kamera pilem bapormat sadang yang manggunokan pormat 6 kali 6 cm, labiah tapeknyo negatif 56 kali 56 mm.",science/technology,entertainment
Panjalajah diingek an bana untuak bahati-hati jo risiko cuaca buruak nan mampangaruhi wilayah urang tu nan akan badampak jo rancano pajalanan apo pun.,travel,entertainment
"Oto bus barangkek dari pambarantian oto antaro-bagian (manyubarang batang aia) sapanjang ari, walaupun sabagian gadang, tautamo nan ka barangkek ka arah timua jo Jakar/Bumthang barangkek antaro pukua 06.30 jo 07.30.",travel,entertainment
Inyo maagiah kastabilan nan mantap untuak panunggang tapi bisa ado masalah kaamanan karano ado kamungkinan kaki pangandara tasangkuik di sinan.,travel,entertainment
"Babarapo tampek di Baltik Cruises maagiah kesempatan mampapanjang izin tingga di St. Petersburg, Rusia.",travel,entertainment
"Nasehaik tu mangiro bahasonyo turih-turih janlah mancilok, masuak indak pakai izin, sato dalam pasa talarang, mamintak-mintak, atau kalau indak mamanfaatkan urang lain untuak kauntuangannyo surang.",travel,entertainment
Ado banyak hal nan harus dunsanak patimbangan sabalum dan katiko dunsanak pai bajalan ka suatu tampek.,travel,entertainment
"Di angek siang hari, wisatawan bisa marasoan fatamorgana nan mambuek ilusi bantuak aia (atau bisa juo hal lain).",travel,entertainment
"Kaluarga basamo anak-anak adolah pamandangan nan langka, tapi babarapo asrama maizinan kaluarga tu di kamar pribadi.",travel,entertainment
"Contohnyo bakunjuang ka kastil di Loire Valley, Rhine Valley atau balayia ka kota-kota mamukau di Danube atau naiak kapa sapanjang Erie Canal.",travel,entertainment
Bisa labiah baiak mamakai agen nan acok manjadwalan pajalanan nan mirip jo dunsanak.,travel,entertainment
Couchsurfing dibadirikan pado Januari 2004 setalah programer komputer Casey Fenton manamukan panabangan murah ka Islandia indak mamiliki tampek tingga.,travel,sports
Visa murik biasonyo punyo saraik-saraik jo langkah pamohonan babeda dari visa turis atau bisnis biaso.,travel,entertainment
Masiang-masiang negara punyo hukum nan khas nan mawajiban barang-barang darurat apo se nan paralu ado taruih di dalam oto.,travel,entertainment
"Walaupun kabanyakan agen basadio maambiak pamasanan paliang reguler, banyak agen nan ahli dalam tipe pajalanan khusus, kisaran anggaran atau tujuan.",travel,entertainment
Panjalajah mungkin akan basobok jo hamo binatang nan babeda dari nan ado di kampuang asa nyo.,travel,entertainment
"Sarato ka utara kunjuangilah Sanctuary of Our Lady of Fatima (Kuil), suatu tampek panampakan Maria nan tanamo di saluruah dunia.",travel,entertainment
Dunsanak bisa mamakai boda-boda (ojek) untuak bakaliliang Goma. Biaya normalnyo (lokal) saharago ~500 Franc Kongo untuak jarak dakek.,travel,travel
"Untuak urang-urang nan manyukoi kagiatan di lua ruangan, bajalan-jalan di lorong Sea to Sky sangaik ancak untuak di cubo.",travel,entertainment
"Sapari bajalan (disabuik juo ""jalan samak"", ""sapari mandaki"", atau pai bajalan ""kaki"") tamasuak di dalamnyo mandaki, baiak babarapo jam atau babarapo hari.",travel,entertainment
"Satu satunyo caro nan tacapek adolah malalui barang nan dibawok. Panabangan indak nio mangiriman barang tanpo ado panumpangnyo, dimapun dunsanak masuk.",travel,entertainment
Tambahan 300 mambuek totalnyo menjadi 1.300 gerbong yang arus dibali untuak mangurangi kapadekan.,travel,entertainment
"Kaluarga nan baranak ketek mungkin paralu labiah basiap-siap, tapi sahari di lua rumah bisa mudah dikarajoan malah sarato bayi jo anak-anak alun sakola.",travel,entertainment
"Sia pun nan akan bakandara di katinggian atau disalo di ateh gunuang harus mampatimbangan kamungkinan dari salju, es, atau suhu nan dingin.",travel,entertainment
"Kini, Timbuktu adolah kota nan malaraik, walau namonyo mambueknyo sabagai dayo tarik bagi turih, sarato inyo punyo bandara.",travel,entertainment
"Katiko badai salju, salju nan bisa mambanaman dunsanak bisa turun dalam wakatu nan singkek.",travel,entertainment
"Jikok dunsanak nio naik kapa tabang mangalilingan Bagian Salatan bumi, pilihan panabangan dan tujuannyo sangaik tabateh karano kurangnyo rute lalu linteh di udaro.",travel,entertainment
"Maskapai takah Emirates, Etihad Airways, Qatar Airways & Turkish Airlines alah mampalaweh palayanannyo sampai ka Afrika, dan alah bakarajo samo lo samo kota kota gadang di Afrika jo harago nan basaiang jo panabangan Eropa lainnyo.",travel,entertainment
"Indak ado transportasi tambahan nan dioperasian dan kareta api di ateh tanah indak ka baranti di Wembley, dan pasilitas parkir jo naik oto indak tasadio di darek.",travel,sports
"Biasonyo, tingga di lua nagari untuak periode nan lamo mangko dunsanak diwajiban untuak mandapekan visa.",travel,entertainment
Satiok kareta punyo kurisi MetroPlus dan Metro; kurisi MetroPlus taruih ado di akia kareta di dakek Cape Town.,travel,entertainment
Satiok urang ikuik sato dalam masyarakaik sarato manggunoan sistem transportasi. Kabanyakan urang mangaluah takaik susunan transportasi.,travel,travel
"Dek daerah ko saketek diuni, dan polusi cahayo acoknyo indak jadi masalah, dunsanak akan dapek manikmati bintang.",travel,entertainment
Syaraik untuak visa sarato biayanyo baragam dari ciek negara ka negara lain sarato tagantuang dari negara ma dunsanak datang.,travel,entertainment
"Sabananyo, indak ado caro mandapekan diskon untuak tampek duduak kelas satu atau bisnis di penerbangan lansuang dari A ka B.",travel,entertainment
Malantiangan bumerang adolah kamampuan tanamo nan banyak turis ingin pandai malakuannyo.,travel,entertainment
Panabangan ko indak satu-satunyo nan dipiliah jikok dunsanak nio malewati Pasifik Salatan dan pantai baraik Amerika Salatan. (liek di bawah),travel,entertainment
"San Fransisko alah mangambangan sarano wisata nan gadang jo banyak hotel, rumah makan, sarato pasilitas ruang patamuan kelas ateh.",travel,entertainment
Manjadi relawan salamo pajalanan adolah caro nan paliang tapek untuak mambuek parubahan nan labiah dari sakadar baragiah.,travel,entertainment
Banyak urang nan indak mangarati kalau kasabaran jo pamahaman sangek diparaluan katiko urang pulang dari rantau.,travel,entertainment
"Jan lupo untuak mamasuakan biaya tambahan dari visa tambahan, pajak kabarangkekan, kandaraan darek, jo lain sabagainyo untuak sadoalah tampek-tampek di lua Afrika.",travel,entertainment
Babarapo panduduak Bishkek manyalahan pangunjuak raso dari selatan ateh palanggaran hukum.,politics,entertainment
Bagian Belgia hari-ko marupoan bagian dari Luksemburg di maso lalu namun manjadi Belgia sasudah Revolusi Belgia pado 1830.,politics,politics
"Sajak taun 1988, kotak suaro arus transparan sainggo pamiliah jo pangamaik dapek mancaliak bahasonyo indak ado amplop pado awal pamunguikan suaro dan indak ado amplop nan ditambahan kacuali untuak pamiliah nan alah diituang jo diagiah wawenang.",politics,entertainment
Perdana Mentri samantaro Julia Gillard mangklaim pado maso kampanye pamiliahan federal taun 2010 bahaso inyo picayo Australia harus manjadi republik di akia kakuasoan Ratu Elizabeth II.,politics,politics
Pamarintahan Irlandia manyasak kapantiangan undang-undang parlemen untuak mamelokan kaadaan.,politics,entertainment
Pandapek diplomatik ateh wilayah nan tu taruih marusak hubuangan Armenia jo Azerbaijan.,politics,sports
"Perdana Menteri Stephen Harper alah satuju untuak mangirim 'UU Udaro Barasiah' pamarintah ka komite sadoalah pihak untuak dinilai, sabalun pambacoan kaduo, sasudah patamuan 25 minik pado ari Salasa jo pamimpin NDP Jack Layton di PMO.",politics,politics
"Bulan lapeh, ado pulo protes gadang di Polandia katiko negara tu manandotangani ACTA, nan manyababkan pamarentah Polandia mamutuihan untuak indak manyatujui pajanjian tu untuak samantaro wakatu.",politics,entertainment
Saran adolah sakedar ringkehan singkek dari situasi politik di nagara tatantu.,politics,entertainment
"Salamo pamilihan 1976 inyo manyaranan Bapak Carter tantang kabijakan lua nagari, satalah tu inyo manjabaik sabagai Penasehaik Kaamanan Nasional (NSA) 1977-1981, nan manggantian Bapak Henry Kissinger.",politics,entertainment
"Turki juo ka maambik alih panjagaan para pejuang ISIS nan ditangkok, manuruik katarangan ko, negara negara Eropa alah manulak untuak mamulangan pajuang pajuang ISIS iko.",politics,entertainment
"Walau pun, rancana-rancana ko jadi usang hampia dalam samalam, katiko labiah dari 800.000 tantara dari Tantara Merah Uni Soviet masuak dan mambuek fron Belarusia dan Ukraina sasudah manyarang wilayah timur Polandia dalam palanggaran Traktat Perdamaian Riga, Pakta Non-Agresi Polandia-Soviet, dan traktat internasional lain, baiak bilateral maupun multilateral.",politics,politics
"Mairiangi proses itu, HJR-3 ka ditinjau baliak dek badan pambuek undang-undang nan tapiliah barikuiknyo pado taun 2015 atau 2016 untuak tatap dalam proses.",politics,politics
"Sasudah surek tu diambiak dek Kongres pado tanggal 4 Juli, rancangan tulisan tangan nan ditandotangani dek Presiden Kongres Jonn Hancock jo juru tulis Charles Thomson kamudian diantaan ka tampek pacetakan John Dunlap nan jauahnyo babarapo blok.",politics,sports
"Tapek satalah jam 11.00, unjuak raso memblokir lalu linteh di gerbong utaro di Whitehall.",politics,entertainment
"Walau pun baitu, pado bulan Juni 1956, janji Krushchev’s dipatanyoan katiko tajadi karusuhan di Polandia, nan mano para pakarajo nan mamprotes kakurangan bahan makanan jo pangurangan upah, barubah manjadi protes taadok Komunisme.",politics,politics
"Parang Dingin tu balangsuang sampai 40 taun ka dapan dan diparangi jo tantara pawakilan nan nyato, di medan parang dari Afrika sampai Asia, di Afganistan, Kuba jo banyak tampek lainnyo.",politics,entertainment
Bulan patang komisi presidensial maanjuran pangunduran diri CEP nan sabalunnyo sabagai bagian dari rangkaian tindakan untuak manggarikan nagara tu maju ka pamiliahan baru.,politics,politics
Topik lain nan dilipuik dalam laporan tamasuak nagara maso dapan Yerusalem nan suci bagi kaduo bangso dan isu Lambah Yordan.,politics,entertainment
Kongres indak ado otoritas untuak mangasampiangan hukum pajak jo cukai antaro nagara bagian.,politics,entertainment
Undang- undang pamilu Parancih mangkodifikasikan prosedur nan cukuik ketaik.,politics,entertainment
"Setelah saminggu kalah dalam pemilihan umuam satangah wakatu, Bush mangatoan kapado kunjuangan kehormatan tantang paluwehan panggalehan di Asia.",politics,entertainment
"Strategi tasabuik tabukti efektif, mangarek pamasuakan militer jo sipil nan sangaik pantiang, maski pun blokade ko malangga hukum Internasional nan ditarimo sacaro umum, nan dikodifikasian dek babarapo pajanjian internasional.",politics,entertainment
Hubuangan ekonomi alah dibangun baliak antaro kaduo bagian Moldova ko walaupun negosiasi politik gagal.,politics,politics
"Dikawani jo pajabaik-pajabaik tu, inyo manjamin ka warga Texas bahaso langkah-langkah alah diambiak untuak malinduangi kasalamatan umum.",politics,entertainment
Kritik liberal taadok upayo pambaruan nan bapusek pado pambarian kontrak ka urang dalam nan didugo di Washington.,politics,entertainment
"Dari 1.400 urang nan maagiah suaro sabalun pamiliahan federal taun 2010, urang nan manulak Australia manjadi republik batambah sabanyak 8 parsen sajak taun 2008.",politics,entertainment
Para diplomat manyatoan baahsonyo inyo alah manamuan cukuik banyak makna gando dalam undang-undang Afghanistan indak paralu untuak manantuan putaran kaduo.,politics,entertainment
"Satalah diumumkan asianyo, Gigrich mamuji Santorum tapi bakato-kato padeh taadok Romney, nan ka ateh inyo iklan kampanye negatif disiaran di Iowa malawan Gingrich.",politics,entertainment
Ikolah CEP kalimo Martelly dalam ampek taun.,politics,entertainment
"Panarimo medali ameh Olimpiade tu ka baranang dalam gaya bebas 100m dan 200m dan dalam tigo estafet di Pesta Olahraga Pasemakmuran, tapi dek karano kaluahannyo kabugarannyo diraguan.",sports,entertainment
"Baitu pulo sabagai mantan juara Olimpiade dan Dunia, Saito adolah kapalo komite latian Federasi Judo Saluruah Japang di akia maso iduiknyo.",sports,sports
"Komite Olimpiade Internasional mamiliah untuak mamasuakan olahraga tu dalam patamuan dewan eksekutif di Berlin pado ari ko. Rugby, tarutamo parsatuan rugby, dan golf ka dipiliah dari limo olahraga lain untuak kamudian ikuik di dalam Olimpiade.",sports,sports
Patandiangan nan tagadang taun ko balangsuang di bulan Desember nan batampek di lapangan polo di Las Cañitas.,sports,entertainment
"Sajak pindahnyo ka ibukota Catalan, Vidal alah bamain 49 patandingan untuak klub iko.",sports,sports
"Mamaliaro kasaimbangan stamina nan sihaik, malatiah kabiasoan minum nan mangkuih, sarato mangarati babagai pangaruah makanan nan ka masuak ka badan bisa manolong atlit maningkekan kamampuan karajo jo kasanangan baolahraga.",sports,sports
"Hamlin barado di tampek katigo, tatingga duo puluah poin, tapi unggua limo poin dari Bowyer. Kahne jo Truex Jr. masiang-masiang di urutan kalimo dan kaanam dengan 2.220 dan 2.207 poin.",sports,sports
Rekor Nadal malawan Kanada adolah kamenangan jo angko 7-2.,sports,entertainment
"Sabalunnyo, Jarque sadang latian salamo latian pra-musim di Coverciano di Italia. Inyo tingga di hotel tim sabalun patandiangan nan dirancanoan pado ari Akaik malawan Bolonia.",sports,entertainment
Cameh dek kurangnyo transportasi maningkekan kamungkinan bahaso patandingan tu ka tapaso dimainan sacaro tatutuik tanpa pandukuang tim.,sports,sports
"Tommy Dreamer manyabuik ""Luna adolah Ratu Ekstrim nan partamo. Manejer partamo ambo. Luna maningga di malam duo bulan. Sangaik unik samo bantuak liau. Padusi nan kuek.""",sports,entertainment
Pamain ski tunanetra putra Maciej Kezel (Polandia) dan pamandu Anna Ogarzynska (Polandia) pinis katigo baleh di Super-G. Jong Seork Park dari Korea Selatan manampekan urutan kaduo puluah ampek di Super-G tampek duduak putra.,sports,sports
"Untuak barita tantang patandiangan ko dan tampek mambali karacih untuak mancaliak patandiangan polo ko, caliak di Asociacion Argentina de Polo.",sports,entertainment
"Patandiangan dimulai pukua 10 pagi katiko cuaca sadang rancak, walaupun ado ujan rinai sabanta di pagi ari, tapi ari tu sabana tapek untuak patandiangan rugby nan ka 7.",sports,sports
Pambalap Meksiko Arly Velasquez finis di urutan ka limobaleh dalam super-G tampek duduak putra. Adam Hall Selandia Baru manampati urutan kasambilan dalam super-G tagak putra.,sports,sports
"Patandingan tarakia dari seri ko ka balansuang minggu bisuak di Ellis Park di Johannesburg, katiko Springboks mahadoki Australia.",sports,sports
Dalam kondisi rancak dunsanaka akan dapek manampuah jarak nan agak labiah jauah dibandiang bajalan – tapi hanyo sangaiklah jarang dunsanak akan dapek malaju sacapek bamain ski malinteh nagari tanpa tas ransel nan barek di rute nan tarawat.,sports,entertainment
"Tujuah poin di balakang, Johnson barado di tampek kaduo jo 2.243.",sports,entertainment
"Batualang di ngarai (atau: canyoneering) adolah tantang bajalan ka dalam bawahnyo ngarai, nan mano baiak itu kariang atau panuah dek aia.",sports,entertainment
"Robin Uthappa mambuek babak ko nilai nan yo bana tinggi, 70 angko hanyo 41 bola jo mambae 11 ampek kali dan 2 anam kali.",sports,sports
"Olahraga musim dingin iyolah nan paliang rami di wilayah Bagian Utaro, jo urang Italia nan batandiang di acara lomba internasional jo Olimpiade.",sports,sports
"Maroochydore nan manyalasaian di puncak tangga, unggul anam angko dari Noosa di urutan kaduo.",sports,entertainment
"Michael Schumacher balapannyo salasai indak lamo satalah Alonso, karano karusakan suspensi dalam adu kancang salamo balapan.",sports,entertainment
"Sakadar mampasiapan makanan nan bagizi sajo indak mambuek kamampuan karajo maningkek, tatapi gadang pangaruahnyo untuak kasehatan atlet mudo sacaro kasaluruahannyo.",sports,sports
Inyo indak bisa mamakai ubek nan dibutuahan untuak maatasi raso sakik sabab ubek tu alah dilarang dalam Pesta Olahraga.,sports,entertainment
Panalitian mangecekan baso padusi duo kali labiah mamungkinan untuk kanai MS dibandiangan laki-laki.,health,entertainment
"Spirit nan ilegal bisa manganduang babagai macam kotoran babahayo tamsuak metanol, yang bisa maakibaikan kabutoan atau kamatian bahkan dalam dosis saketek.",health,entertainment
"Hanyo efek kamalangan sajo, bukannyo depresi jo katakuikan nan bagantuang dari sesi PA tastruktur tiok pakan.",health,entertainment
"Kapamilikan oto sacaro masal bisa mambuek cilako labiah gadang di jalan, nan maarah ka panamuan teknik baru di parawatan kasehatan untuak mamelokan badan nan rusak.",health,entertainment
"Penelitian utamo mangecekan iko dapek mambao deteksi dini kanker,tabese, HIV jo malaria ka pasien di negara negara nan bapanghasilannyo randah, dima tingkek kalangsungan iduik untuak panyakik sarupo kanker payudara bisa satangah pasien-pasien dari nagara-nagara nan kayo.",health,health
"Doktor Ehud Ur, profesor kedokteran di Universitas Dalhousie di Halifax, Nova Scotia dan ketua divisi klinis dan ilmiah Asosiasi Diabetes Kanada maingekan bahaso penelitian iko masih dalam tingkek partamo.",health,entertainment
"Anak-anak ko condoang talibek banyak masalah, karano inyo ""punyo parangai barisiko, ikuik bacakak, dan malawan otoritas"" supayo untuak marangsang utaknyo, karano utaknyo indak dapek dirangsang jo caro biaso.",health,entertainment
Manusia dapek tapangaruah jo mairuik aie yang terkontaminasi yang dibao ka udaro oleh angin dan ombak.,health,entertainment
Babarapo urang picayo bahasonyo mangalami banyak mimpi sadar nan didapekan sacaro bautan cukuik acok jadi latiah bana.,health,entertainment
Kini Potro mandapek parawatan di bahunyo tapi inyo inyo bisa main baliak.,health,entertainment
"Apolai, kagagalan untuak mangarajoan itu punyo akibaik serius: depresi batambah, kurang nutrisi, dan baujuang kamatian.",health,health
"Pajabaik dari kota Amsterdam dan Museum Anne Frank mangatoan bahsonyo batang tu itu tainfeksi cindawan dan manimbuaan bahayo kasehatan masyarakaik karano, menuruik urang tu, batang kayu tu tu taancam tumbang.",health,entertainment
"Rumah sakik alah manjalanan protokol untuak pangandalian inpeksi, tamasuak mamisahan pasien dari nan lain untuak managah kamungkinan inpeksi ka nan lain.",health,health
Institut untuk Keadilan dan Demokrasi Haiti marujuak pado panalitian independen nan manyabuikan bahaso batalion pasukan perdamaian PBB dari Nepal sacaro indak sangajo lah mambao panyakik tu ka Haiti.,health,entertainment
"Panyakik-panyakik nan mamindah itu surang, atau binatang ganaih nan bisa mambahayoan atau mambunuah urang dek tapaso, biasonyo indak tamasuak sabagai amo.",health,entertainment
"Anak-anak jo ADD punyo kasulitan mamusekan paratian ka hal-hal sarupo karajo sakolah, tapi inyo dapek bakonsentrasi ka hal-hal nan inyo sanang lakukakn sarupo bamain game atau manonton pilem kartun kasukoannyo atau manulih kalimaik tanpa tando baco.",health,entertainment
"Dalam wakatu satu taun, urang nan tajangkik dapek manularan 10 inggo 15 kontak nan berado dakek jo pasien.",health,health
"Katiko cakak tu baranti sasudah nan taluko dibaok ka rumah sakik, kiro-kiro 40 narapidana lainnyo yang tasiso tingga di laman dan manolak untuak baliak ka sel nyo.",health,entertainment
Dotor mulai direkrut dek Kaisar Augustus jo malah mambantuak Korps Medis Roma partamo untuak dipakai sasudah parang.,health,entertainment
"Namun, si pambaok oto manangguang luko-luko parah di kapalo.",health,entertainment
"""Kami kiniko punyo mancik baumua 4 bulan nan indak -diabetes nan dulunyo diabetes,"" inyo manambahan.",health,health
"Karacunan nan tajadi di dalam badan mungkin indak nampak sacaro langsuang. Tando-tando, sarupo muntah adolah tando nan cukuik umum, sahinggo sabuah diagnosis langsuang indak bisa dibuek.",health,entertainment
"Akibaiknyo, para pamain marokok ganjo di ateh pangguang, dan teater itu surang mandorong panonton untuak bagabuang.",entertainment,entertainment
Aerosmith alah mambatalan siso konsernyo dalam turnyo.,entertainment,entertainment
"Jikok Dunsanak nio dakok samo aksinyo, Dunsanak harus datang labiah dulu untuak mandapekkan lokasi bakemah nan dakek jo musik.",entertainment,entertainment
Ado banyak format pilem nan bebeda nan alah digunoan salamo batahun-tahun. Pilem standar 35 mm (36 kali 24 mm nagatif) adolah nan paliang umum.,entertainment,entertainment
"Walaupun iko marupokan kagiatan nan cukuik umum, sabananyo iko dilarang dek Disney: karicih indak bisa dipindahtanganan.",entertainment,entertainment
"Satiok episode acara dipokusan ka ciek tema dari ciek buku, sabalun tema tu dikambangkan malalui babarapo carito.",entertainment,entertainment
Babarapo tipi layar gadang dipasang di babagai tampek di Roma supayo masyarakaik bisa maliek upacaro tu.,entertainment,entertainment
Sophokles jo Aristofanes adolah dramawan tanamo dan dramanyo dianggap sabagai salah satu karya sastra hebat dunia.,entertainment,entertainment
Satiok acara manyadioan pulo saran tantang buku-buku nan paralu dicari anak-anak katiko masuak ka pustaka.,entertainment,entertainment
"Pado akordion, untuak mandapek bunyi labiah kancang, dunsanak pakailah nan bawah jo labiah manakannyo atau mangancangannyo.",entertainment,entertainment
Dunsanak bisa mancaliak piramid di kagalokan dan dunsanak bisa mancaliaknyo dalam kahaniangan sabalun acara dimulai.,entertainment,entertainment
"Contoh kagiatan di tampek tamasuak baburu, mamanciang, mamoto, mangamaiki buruang, sarato mangunjuangi kabun jo mampalajari informasi tantang lingkuangan.",entertainment,entertainment
Sphinx dijadian sabagai latar balakang dan narator dari carito nan panjang.,entertainment,entertainment
"Urang tu biasonyo mamiliki panawaran makanan, minuman jo hiburan khusus, untuak manjago suasana hati para tamu tetap baiak, dan manjagonyo tatap di tampek.",entertainment,entertainment
"Sasudah siaran dalam bahaso Inggirih jo Japang, organisasi global tu maluncuan siaran dalam bahaso Sapanyol, Italia, Korea, untuak tipi, web, jo parangkaik hape.",entertainment,entertainment
"Sabalunnyo, The Simpsons Simon alah mambuek babarapo acara nan jabatannyo babeda-beda.",entertainment,entertainment
Iko mamungkinan pamain untuak mangandalian tindakan jo garakan dalam pidio game nan caronyo manggarakan parangkaik di udaro.,entertainment,entertainment
"Saketeknyo 100 urang alah mahadiri alek tu, untuak marayoan ulang taun parkawinan partamo pasangan nan baralek taun patang tu.",entertainment,entertainment
"Duo lagu dari pilem ko, Audition (The Fools Who Dream) dan City of Stars, alah manarimo nominasi untuak lagu asli nan paling rancak. Studio Lionsgate alah manarimo 26 nominasi — labiah banyak dari studio-studio nan lainnyo.",entertainment,entertainment
Karak ko tabanyo kiro-kiro 70 km di sisi tadakek sarato 100 km di sisi tajauah.,geography,entertainment
Jauah di sabalah salatan ado aia tajun Niagara jo di utaronyo adolah rumah bagi kaindahan alam Muskoka jo sakaliliangnyo nan alun tajamah.,geography,entertainment
"Nagari Ellsworth adolah wilayah di bagian salatan Samananjuang, dibateh dek lauik Bellingshausen.",geography,entertainment
Palintehan kutub salatan (atau jalan raya) adolah jalur sapanjang 1600 km dari Stasiun McMurdo di Lauik Ross ka pusat kutub.,geography,travel
"Di ujuang utara Machu Picchu mambumbuang tinggi gunuang curam, acok bana dijadian tampek latar balakang bapoto di runtuahan.",geography,entertainment
"Enceladus adolah objek paliang replektip di tata surya, mamantulan kiro-kiro 90 parsen sinar matoari nan manganaiannyo.",geography,entertainment
Indak ado nan bisa dicaliak salain langik nan cerah jo ancak di ateh jo banyak gunuang di sakitarnyo. Sangaik saketek di dunya kon nan dapek dicaliak atau didanga di dalam gua.,geography,entertainment
"Samantaro kini Japang. Japang adolah nagara kapulauan, bantuak Baritania.",geography,entertainment
"Pado puncaknyo, Siklon Tropis Gonu, nan dinamoi dalam bahaso Maladewa untuak sakaruang daun palam, mancapai kacepatan 240 kilometer per jam (149 kilometer per jam).",geography,entertainment
"Area Turki, nan tamasuak danau-danau, manampati 783.562 kilometer persegi (300.948 mil persegi), nan di Asia barat daya salaweh 755.688 kilometer persegi (291.773 mil persegi) dan di bagian Eropa 23.764 kilometer persegi (9.174 mil persegi).",geography,entertainment
"Kapulauan Shetland Salatan, ditamuan pado taun 1819, diambiak jo babarapo bangsa dan punyo markas nan paliang banyak, anam baleh aktip pado taun 2020.",geography,entertainment
Apia adolah ibukota dari Samoa. Nagari tu talatak di Upolu dan urang yang tingga di situ indak sampai 40.000.,geography,entertainment
"Karano angin ribuik tu jauah dari darek, masiah sulik untuak mangatahui dampaknyo bagi Amerika Sarikaik atau Karibia.",geography,entertainment
Inyo labiah tipih di bawah si maria sarato labiah taba di bawah daratan tinggi.,geography,entertainment
Hutan ko indak hanyo rawa bakau se do — inyo tamasuak nan manjadi tampek tarakia nan tasiso dari rimbo gadang nan dulu manutuiki tanah di salingka Gangga.,geography,entertainment
Peta gampo internasional dari Survei Geologi Amerika Serikat manunjuakan indak ado gampo di Islandia saminggu sabalunnyo.,geography,entertainment
"Baistirahat di puncak salah ciek gunuang di utaro Makah, guo iko batua-batua tasisiah dari dunia lua.",geography,entertainment
