text,actual_category,predicted_category,confidence
"Say Mutation so naaruman na genetic variation,inekal so selection manlapud expressed variation.",science/technology,science/technology,0.8617020845413208
Say fission bomb et ongagana base ed prinsipyon nakaukolan so energy pian napaniba so nucleus ya walay amayamay protons tan neutrons.,science/technology,science/technology,0.9554070830345154
Say nucleus et tugyopen na duaran kabiangan - say neutrons tan protons.,science/technology,science/technology,0.995978832244873
Mamapawala na atagey ya kualidad ya litrato so sarayan zoom lenses ya singa kualidad na naalad lenses ya walay fixed focal length.,science/technology,travel,0.5505809783935547
Superior ira ed web proxies diad nanduruman rason.Iduma da so website na internet aliwa labat ya http.,science/technology,science/technology,0.9004715085029602
Diad interactive design et nakaukolan ya nasubok so pankunwari tungkol ed media production tan naaralan so mannunot ed paraan ya non-linear.,science/technology,science/technology,0.4905623197555542
"Ontan so ginawa na karaklan, balet mas maganon nadederel iray tabla ya dalig na karumata lapud samay balatyang.",science/technology,travel,0.9088887572288513
Say pride et tibukeIen na sakey ya anggad taIoran sankakanayon ya mataken Ian boIog. kaiba na satan iray kainaan ya manga taIompIo ontan met ed saray kiIaw da.,science/technology,travel,0.7936534881591797
"Anggano dakel so mangibabagan say AI et science fiction, walay importantin branch na computer science ya abuo lapud satan, tungkol iyad panggawa ed saray machine ya walaay ugali tan talino a singa ed too.",science/technology,science/technology,0.8729517459869385
Say ratio na sayan format et 3:2.,science/technology,science/technology,0.4546270966529846
"Say satellite phone et agkasalat na mobile phone, ta kaukolan moy onlad paway pian makakonekta kad satellite tan makatawag ka.",science/technology,science/technology,0.7148076891899109
"Anggano saray dalan na karumata et gawad nandarasig ya tabla, akatulong iratan ed saray kabayo pian mas ompeles ira tan mainomay day ongguyor anggan ambelat so karga kompara ed mabaton dalan.",science/technology,travel,0.9108567237854004
"Amta na totoo so manuna iran chemical element singa say gold,silver,copper,ya naromog iraya ed kalikasan tan usaren so naunan gamit.",science/technology,science/technology,0.9116789698600769
Anguuman so mundo ed makapakelkelaw a daIan. Sa sangkabaIegan ya pananguman ey say mainomay tan mapIes iran IuIuganan.,science/technology,travel,0.9379262328147888
Overscan so tawag ed saya. Ginawa ya pian say litrato ed panoen to so intiron screen.,science/technology,travel,0.6036098599433899
Say tawag ed German submarines et U-boats.Saray German et ekspertod pangobkob tan pangusar na saray submarines.,science/technology,science/technology,0.48271527886390686
"Say physical state to et nasalatan,say chemical state to mansiansian.",science/technology,science/technology,0.5338570475578308
Say Surface tension so nagawa Iapud say water molecules diad tapew na danum so man attrack ed baIang sakey ya mas ni Iapud air molecules ed tapew da.,science/technology,science/technology,0.968000054359436
Sakey ed maslak ya problema no sasalien ya i-convert so sakey ya pelikula pian magmaliw ya DVD so format to et say overscan.,science/technology,entertainment,0.9767690896987915
Nanengneng ed lupa no say sakey et mantitila panamegley na saray andawes to.,science/technology,travel,0.886451005935669
Say Gold et nayarin gaewen ya naduruman tabas. Nayari met ya apag apagened angkekeIad ya desisnyo.,science/technology,travel,0.40430164337158203
"Natan, say AI so mabetbet ya uusaren parad ekonomiya, medisina, engineering, tan diad military, anggan diad saray dakel ya computer tan software na video game.",science/technology,science/technology,0.46723514795303345
"Uusaren ni iya anggad natan, pero lalon importanten say aspect ratio to et atawir na saray digital camera image sensor formats.",science/technology,science/technology,0.8600867986679077
Pansiansiaen so sukat na image pian sustoy dynamics to.,science/technology,entertainment,0.45747438073158264
"Agto labat ya ipapepekder ya walay bago na arum ya dinosaur, say teorya ya akabkabatan la, balet ipapaamta na satan iray detalye ya agsarag ya gawaen na saray fossil, singa say kolor tan say three-dimensional arrangement.",science/technology,geography,0.4754684567451477
"Panon ak ya guguyoren na Io gravity? No onalagey kad tapew na Io, mas abebay belat mo nen say wala kad dalin.",science/technology,science/technology,0.79024338722229
Say NextGen et sakey a systema ya ipapasen na FAA ya antikey Iabat so tekyaban ya rota na saray eropIano pian makabawas na miIIion ya gaIon na gasoIina tan naparaisetay buga na asewek,science/technology,travel,0.6123812794685364
Angiter na pisikal a ebidensya so Neurobiological data parad theoritical approach ed imbestigasyon na cognition. Kanian pinainget na saya so research area tan nagmaliw ya mas eksakto.,science/technology,science/technology,0.4571762979030609
"Legan na 2 oras ya impansalita to, imbaga to ya ""Natan say Apple et pasimbaloen to so phone, Manggawa tayo natan na kasaysayan"".",science/technology,travel,0.663896918296814
Komplikado so zoom lenses lapud mankaukolan na dakel ya trabaho antis ya nagawa.,science/technology,travel,0.743548572063446
"Mipara ed remote na tv, manguusar na duaran sensor so controller ya igagaton asingger ed tv pian aka-triangulate so posisyon na satan tan walay espasyo ya taloran dimension.",science/technology,entertainment,0.8628637790679932
Ibabaga na saray siyentista ya say bago na sayan ayep et chestnut-brown ed tagey ya pusisawan odino medyo duyawan ed leksab.,science/technology,travel,0.467891663312912
"Duaran compound so man-react ed sakey tan sakey pian nabuo iray kristal ya nayarin mamatunda ed igagana na bato, so inkuan na researcher diad unibersidad.",science/technology,travel,0.9648597240447998
Saya so mangiter ed resolution ya manga apatiran beses nen say 35 mm negative (3136 mm2 versus 864).,science/technology,science/technology,0.6194750666618347
"Salamat ed koneksion ed dalem na dayat ya optic fiber tan broadband satellite ed Europe, ta say 93% ya populasyon na Greenland et maka-access ed internet.",science/technology,travel,0.5234041213989258
"Say sakey ya kabkabat ed sayan app et say Google Translate, ya mangipatalos anggano offline ka basta a-download mo so kaukolan ya language data.",science/technology,travel,0.8375898599624634
"Walaan na parehon molecular structure balanglan gas,liquid o solid.",science/technology,science/technology,0.9955754280090332
Say pangusar na video recording et makanakana pian nanengneng so ekspresyon na lupa ed kada segundo.,science/technology,entertainment,0.9025042057037354
Uusaren na totoo so saray lenses parad magnification ed nilibon taon la.,science/technology,travel,0.46743375062942505
"Balet, aliwan satan labat, say experimentation tan say eksperimento et test ya uusaren pian naekal so sakey o onsulok ni ed saray posiblin teorya, pantepet, tan saray pangobserba et mangigiya met ed panag-research ed science.",science/technology,science/technology,0.5642197728157043
"Kalabas na panaon, saray dalig ya gawad tabla et sinalatan la na balatyang ya dalig nen 1767, say unonan riles ya gawad puron balatyang et nausar met la.",science/technology,travel,0.9749064445495605
"Dakel ed saray card et nausar pian makatawag anggan iner, pero wala ray mangiyoopresi na mamuran tawag diad espisipiko iran grupo na bansa.",science/technology,travel,0.7835959196090698
Say modern research ya telescope so babaleg ya pankaukolan ed saray remote areas ya marakep so tiempo to.,science/technology,science/technology,0.7151212692260742
Say dagum so onIetaw ed tapew na danum Iapud surface tension.,science/technology,science/technology,0.839665949344635
"Say 35mm ya ayos et aga segurado,say 36mm ed kalapar tan 24mm ed karukey.",science/technology,science/technology,0.8654637932777405
"Saray cell et manuna tan importante et panaral nipaakar ed bilay, diad tua, saraya so naynay ya tutukoyen ya ""say lapuan na bilay na amin ya bengatla.""",science/technology,science/technology,0.2614450454711914
Saray personal VPN (virtual private network) providers so bali-balin paraan pian naiwasan so parehon pulitikal ya censorship tan komersyal ya IP-geofiltering.,science/technology,travel,0.5103359222412109
"Apansiansia na estasyon so walna to, anggaman abalang so gyroscope diad space station mission, anggad kasumpal na spacewalk.",science/technology,science/technology,0.9893320798873901
"Lohikal so panagnunot na sarayan tipo na totoo. Sarag da ya ikabisa so saray uunoren, iresolba so problema tan gawaen iray sientipiko ya test.",science/technology,travel,0.946990430355072
"Labay na saray ocelots so mangan na saray angkeIag ya ayayep. Maneerel iray bakes, uIeg, otot, tan siwit no sarag da. Ngalngalin amin ya sisibaren na ocelot so mas memeIag nen say sikara.",science/technology,travel,0.5590635538101196
"Arum ya medium camera et walaan na 6 by 6cm format,suston sukat na 56 by 56mm negative.",science/technology,science/technology,0.6659821271896362
Papasakbayan iray managbiahe ya manalwar ira ed peligro na graben panaon ya apektoay toy pasen ya plano dan laen.,travel,travel,0.7479015588760376
"Say iyalis na Bus manlapud bus station,diad sanagew,no maminsan,nagkalautla ed saray paunla ed Bomthang/Jakar et diad oras na 06:30 tan 07:30.",travel,travel,0.9924476146697998
Baleg ya inawa iya ed saray driver kaukolan balet ya manasikaso ira pian aga naipit so sali.,travel,travel,0.9399314522743225
"Dakel ed saray kabkabaat ya Baltic Cruise et ontutunda mabayag diad St. Petersburg, Russia.",travel,travel,0.9983888864517212
"Saray managbiahe et agmantatakew, ag-ondadalan ed bawal, agmibibiang ed ilegal ya transaksyon, agmipapayabol, odino agmansasamantala ed arum ya totoo parad sarilin pankaabigan da.",travel,travel,0.5127578973770142
"Dakel so nepeg ya ikonsidera,antis ya manbiahe ed inerman.",travel,travel,0.5498629212379456
Lapud petang na agew saray ompapasyar et namalikmata ed danum (arum ya bengatla).,travel,travel,0.9276424050331116
"Saray pamilyan walay anak da et matalag a nanengneng, balet saray arum ya hostels et aabuloyan ira diad private rooms.",travel,travel,0.9826085567474365
"Singa bilang, ombisitad kastilyo diad Loire Valley, say Rhine valley, odino man-cruise ed makapainteres iran lugar ed Danube odino manbaloto ed Erie Canal.",travel,travel,0.9744119048118591
Mas magmaong no apasakey so agent ya mangi-book ed saray datin biahe.,travel,travel,0.9388962388038635
"Say Couchsurfing so ginmapo nen January 2004 kayarin naalmoan nen Casey Fenton,sakey ya computer programmer so cheap flight ed Iceland balet anggapoy natuloyan.",travel,travel,0.9978525638580322
Saray student visa et duma so nakaukolan tan proseso na aplikasyon to kumparad saray normal tourist odino business visa.,travel,travel,0.9791923761367798
Say kada bansa et walaan met na kanya-kanyan totontonen no antoran gamit parad emergency so nepeg ya walad luluganan.,travel,travel,0.6266549229621887
"Anggaman dakel ed saray agency so walaan na regular bookings,dakel ya agent so marunong ed partikular ya pambiahe,no kaunongay budget tan destinasyon.",travel,travel,0.9973039627075195
Saray ombiabiahe et nayarin makasabat na saray peste ya ag-ira pamilyar ta anggapo iyad lugar da.,travel,travel,0.5807544589042664
Ontan met diad north visit say baleg ya santuaryo na Our Lady of Fatima (shrine) say kabkabat ya Marian apparitions ed interon mundo.,travel,travel,0.9604665040969849
Sarag yon usaren so boda-boda (motorcycIe taxi) pian makapasyar kayo ed Goma. Say pasahe et ~500 CongoIese Francs no asingger Iabat.,travel,travel,0.9983977675437927
"Diad saramay labalabay day outdoor activity, balibali so manpasyar ed Sea to Sky corridor.",travel,travel,0.9418131113052368
"Say walking safari (ya tatawagen met ya ""bush walk"", hiking safari, odino ""footing"") et walay kaiba ton hiking, nayarin diad pigaran oras odino pigaran agew.",travel,travel,0.9876861572265625
"Say paraan labat pian ompeles et ipawit itan bilang checked luggage. Patakaran na Airline ya agda awaten so ipawit ya bagahe no anggapoy pasahero, kanian ditan ka natan ompasok.",travel,travel,0.9990156888961792
"Lapud kaaruman ya 300, nagmaliw ya 1,300 so kalesa ya gamiten pian nasolusyonan so overcrowding.",travel,travel,0.9977880716323853
"Saray pamilyan daiset so ananak so kaukolay preparasyon,balet say day hike et marakep parad saray babies tan pre-school children.",travel,travel,0.4331875741481781
Siopaman ya man drive ed atagey ya pasen odino ondalan ed kapalandeyan kaukolan ya ikonsedera so betel tan snow.,travel,travel,0.9548023343086243
"Diad panaon tayo, say Timbuktu et sakey lan mair-irap ya baley. Anggaman ontan, dakel ya turista so oonla ditan tan wala met so airport ditan.",travel,travel,0.9929373860359192
"Legay ibagsak na yelo,mainomay ya nasaraan so dalan anggan magano labat iya.",travel,travel,0.9483583569526672
"No labay mon onlad nanduruman pasen na mundo diad Southern Hemisphere, daiset labat so napampilian mo lapud transoceanic a rota.",travel,travel,0.8493412733078003
"Saray Airlines ya singa say Emirates,Etihad Airways,Qatar Airways tan Turkish Airlines so nanpalawak na serbisyo diad Africa,tan arum ya syudad ed Africa ya walaay competitive rates nen saray European Airlines.",travel,travel,0.9988101720809937
"Angapoy kaaruman ya train ed paway tan daIem na daIin tan aga ontoda ed Wembley, tan saray car parking tan park-and-ride facilities so angapo.",travel,travel,0.9987273812294006
Kaukolan ya masakbay ka lan mangala na visa no manbayag kad arum a bansa.,travel,travel,0.9851409196853638
"Say Easy train so walaan na Metroplus tan metro coaches,saray Metroplus coaches so walad sampot na train ya asingger ed Cape Town.",travel,travel,0.998641312122345
Amin so mikokoopera ed sosyedad tan manguusar na transportation system.Dakel so manrereklamo ed transportation system.,travel,travel,0.8444991707801819
"Lapud daiset so manaayam ed lugar, tan aliwan masyadon problemay polusyon ed silew, na-enjoy mo iray bitewen.",travel,travel,0.8516011834144592
Saray kakaukolanen tan nagastos parad visa et nandudumaan diad kada bansa tan depende ed no anton bansa so nanlapuan mo.,travel,travel,0.985651969909668
"Diad tua, anggapoy kana so mananap na diskwento ed saray business odino first class ya yurongan diad saray direktan biahe manlapud A anggad B.",travel,travel,0.5491039156913757
Say Boomerang Throwing so kabkabat ya skill ya labay na toristan aligen.,travel,sports,0.6912527084350586
Aliwan saya labat so napampilian no labay mon laktawan so South Pacific tan say west coast na South America. (nengnengen so leksab),travel,travel,0.9867671132087708
"Angipaalagey so San Francisco na baleg ya bilding parad turista, dakel so hotel to, restawran tan manunaan ya pasilidad na kombensiyon.",travel,travel,0.9967105388641357
Say pamboluntaryo legan ya manpapasyar et sankaabigan ya paraan pian makapanggaway pananguman balet aliwa labat ya panangiter so akasentroan na satan.,travel,travel,0.47965896129608154
Agtanto naisip na totoo ya say pananos tan pakataIos et nakaukoIan met ed saray byahero no onsesempet ira.,travel,travel,0.8499580025672913
"Agmo lilingwanan ya iyarum iray ekstran nagastos parad kaaruman iran visa, tax ed pambiahe, bayar ed transportasyon, tan arum ni no onla kad arum ya lugar ya agla sakop na Africa.",travel,travel,0.9916225075721741
Maslak ed saray residente na Bishkek et tinetel da iray taga-abalaten ya manproprotesta ed agawan kaguloan.,politics,travel,0.8087459206581116
"Karaklan ya parte na Belgium et sakop na Luxembourg,balet nen 1830's inala iya na Belgium kayari Revolution.",politics,politics,0.5293672680854797
"Manlapu nen 1988, kaukolan ya transparent iray balota pian nanengneng na saray omboboto tan totoo ya anggapo ni envelope ya akakargad loob na satan kagapo na botoan tan anggapoy inyarum likud ed saray abilang lan duga tan walay permiso na botante.",politics,travel,0.8411800265312195
Imbaga na managasikason Prime Minister ya si Julia Gillard nen 2010 federal election ya sikatoy manisia ya say Australia et magmaliw ya republika kasumpal na uley nen Queen Elizabeth II.,politics,politics,0.9921339750289917
Impurek na gobiernoy Irish so tampoIan ya gangan nipaakar ed parIamentarya pian ipetek iray kipapasen.,politics,travel,0.5320106744766235
Samay diplomatikon argyumento et nantultuloy ed baetan na Armenia tan Azerbaijan.,politics,travel,0.4731540083885193
"Si Prime Minister Stephen Harper et inmabuloy ya ipawit so 'Clean Air Act' na gobierno ed amin ya party committee parad panrepaso, antis na komaduan pambasa, kayari na 25 minuto a pimiting ed lider na NDP ya si Jack Layton diad PMO no Martes.",politics,politics,0.7901435494422913
"Nen imbeneg ya buIan, walay baleg iran protesta ed PoIand nen pirmaan na satan ya bansa so ACTA, ya nanresulta ed desisyon ya gobierno na Poland ya agni paIetan so paknaan.",politics,politics,0.4751797318458557
Saray pasakbay et antikey a sumaryo na sitwasyon na politika ed sakey a bansa.,politics,travel,0.6938484311103821
"Legan na seleksion nen 1976, binagaan toy Carter nipaakar ed foreign policy, insan nantrabaho bilang National Security Advisor (NSA) manlapud 1977 anggad 1981, ya sinublayan toy Henry Kissinger.",politics,politics,0.7006524205207825
"Say Turkey et onsublay ya manbantay ed saray ISIS ya narel ya milalaban ya base ed samay anunsyo, saray bansa ed Europa et ag-inmabuloy ya papawilen ira.",politics,travel,0.458437979221344
"Sayan plano na et aga tinmalona lapud 800,000 ya sundalo na Soviet Union so linmusob ed Poland,kayari to apawala so Peace Threaty na Belgium tan Poland.",politics,travel,0.7290039658546448
Mitunosan ed proposal usisaen lamet na HJR-3 iya tan pambotoan iya na legislative no 2015 tan 2016.,politics,politics,0.6805446743965149
"Kayari iyan inaprobaan na Kongreso nen Hulyo 4, sakey ya insulat ed liman dokumento ya pinirmaan na Presidente na Kongreso ya si John Hancock tan say Sekretaryo ya si Charles Thomson so inyakar ed panag-imprintaan nen John Dunlap ya pigaran kanto so kaarawi to.",politics,travel,0.3350805938243866
Pasado 11:00 ni labat et dakdakel la ray managprotesta diad bandad norte ya dalan ed Whitehall.,politics,politics,0.940841555595398
"Balet, nen June 1956, asubok iray promisa nen Krushchev nen agaway riot ed Poland sanen nanprotesta iray trabahador lapud kulang so naakan tan binawasan so sueldo ya lapud satan et agaway baleg a protesta sumpad Communism.",politics,politics,0.9164236187934875
"Linmabas lay 40 taon,manlapulad giyera ed Africa anggad Asia,diad Afghanistan,Cuba tan arum ni.",politics,travel,0.7558980584144592
Nen imbeneg ya bulan nirekomenda na presidential commission so CEP's so pan resign bilang kabiangan na ibulaslas ed balon eleksyon.,politics,politics,0.9922967553138733
Pantongtongan met so estado na Jerusalem lapud sagrado iya tan say Jordan valley ya isyu.,politics,travel,0.691920280456543
Anggapo met so autoridad to ya pugeran so ley na buis tan pansingil diad saray estado.,politics,politics,0.5469735264778137
Mas inistriktoan na French electoral law so pan-organisa ed panaglitis.,politics,politics,0.6361244916915894
"Kayari impakatalo to ed sakey simban midterm election, imbaga nen Bush ed saray ondedengel so nipaakar ed ilalaknab na trade ed Asia.",politics,politics,0.7925494909286499
"Epektibo so ginawan panagkobkob,pinoltot so tulong na militar tan intunda so pangiter na suplay,anggaman sayan panangataki so ag-abobonan na ley,inawat met lanlamang na saray bansa.",politics,travel,0.7238642573356628
Niletneg lamet so Ekonomiya ed baetan na duaran parte na Moldova anggano aliwan matalona so negosasyon na politika.,politics,politics,0.4379747807979584
"Kaiba to iraman ya opisyales, impasiguro tod manaayam diad Texas ya manggawa la iray kutdang pian naprotektaan so pankaabigan na publiko.",politics,travel,0.9272959232330322
Say Liberal criticism ya pinansagpotan lamet et akapokus et pakatumangay naapiger ya kontrata pian natebek iray Washington insiders.,politics,politics,0.6549712419509888
"Diad 1,400 ya totoo ya sinurbi parad 2010 federal election, saramay ag onabobon ya say Australia et magmaliw a republika ed tinmagey na 8 porsiento manlapud 2008.",politics,travel,0.5660700798034668
Kuan na saray Diplomat ya wala ray anengneng dan makapaduda ed konstitusyon na Afghan pian mandesisyon iran agla kaukolan so pan-eleksion lamet.,politics,travel,0.6425484418869019
"Nen wala lay resulta, intandoro nen Gingrich si Santorum, balet wala ray ansasakit ya salita to parad si Romney, lapud saray impalabas ya negatibon advertisement campaign to ed Iowa laban ed si Gingrich.",politics,politics,0.8603771328926086
Komalima CEP nen Martell legay apatiran taon.,politics,politics,0.9385648369789124
"Samay Olympic gold medalist ed onlangoy na 100m and 200m freestyle tan ed three relays ed Commonwealth Games, balet lapud saray aliwan nalilikna to sikatoy ag akapanggalaw.",sports,sports,0.9972795844078064
Si Saito so all Japan Federation Committee chairman tan sakey met ya datin World Olympic champion sanen sikatoy inatey.,sports,sports,0.9380741715431213
"Diad agawan executive board meeting diad Berlin natan, say International Olympic Committee et binmoto ya ipila iratan ya isports. Say rugby, lalo lad rugby union, tan say golf so mas apili nen saray limara nin arum ya isports ya ipila ed Olympics.",sports,sports,0.9572456479072571
Say sangkabalegan ya tournament so nagagawa ed Disyembre kada taon diad Las Cańitas.,sports,sports,0.8940605521202087
"Manlapu lad inyalis tod Catalan-capital, si Vidal et akapanggalaw lay 49 ya galaw parad club to.",sports,travel,0.8886396288871765
"Say pansiansian balanse ed panangan na di-calories iran naakan, iyinum na suston karakel na danum, tan pakatalos ed nanduruman epekto na iyinum na bitamina so makatulong ed performance na saray atleta tan mas na-enjoy day sport.",sports,sports,0.6937748193740845
"Say komatlo et si Hamlin ya mas daiset na duamplon puntos, balet mas dakel na limaran puntos ed si Bowyer. Komalima tan komanen si Kahne tan Truex, Jr. ya walaan na 2,220 tan 2,207 puntos.",sports,sports,0.9945421814918518
Say rekord na impilaban nen Nadal ed taga Canada et 7-2.,sports,sports,0.994989812374115
Si Jarque so man eensayo ya masasakbay ed kabuasan Iegan ya agni panaon na panagraktis diad Coverciano ed Italy .Sikatoy waIad team hoteIantis ni na panIaban da no Simba nen BoIonia.,sports,sports,0.9210028052330017
Say takot ya posibIen onkuIang iray IuIuganan so nayarin sengegan ya gaweey masikreton paraan ya panggalaw ya anggapo iray tagasuporta na team.,sports,travel,0.5224278569221497
"Imbaga nen Tommy Dreamer ""si Luna so sankaunaanan ya Reyna na Inkasobra. Say unaan ya manager ko. Inatey si Luna nen labi na duaran bulan. Nikadkaduma ya singa sikato. Mabiskeg ya bii.""",sports,entertainment,0.7338412404060364
Say lakin skier na Poland ya walay kapansanan tod pakanengneng ya si Maciej Krezel tan say guide to ya si Anna Ogarzynska et koma-labintalo ed Super-G. Si Jong Seork Park na South Korea so koma-duamplo tan apat ed men's sitting Super-G.,sports,sports,0.9749933481216431
"Parad balita ed tournament ta no iner so pakasaliway ticket,nengnengen so Asociacion Argentina de Polo.",sports,sports,0.8529633283615112
"Ginmapo so pagaIaw ed alas 10:00 na kabuasan ya aIiwIiway panaon tan mayamaya balet ta biglan inmagew, kanian eksakto itan parad 7's rugby.",sports,sports,0.6378536224365234
Si Arly Velasquez na Mexico et koma-labinlima ed men's sitting Super-G. Si Adam Hall na New Zealand et komasiam ed men's standing Super-G.,sports,sports,0.9937704205513
"Say sampot ya serye na galaw et nagawa ed Ellis Park diad Johannesburg diad ontumbok ya linggo, sano onlaban so Springboks ed Australia.",sports,sports,0.7017750144004822
"No good condition nakobrian mo so mas babaleg ya distansya nen say manakar,matalag balet ya ompeles so skii lapud saray bitbit ya ambelat ya backpack.",sports,travel,0.9675155878067017
"Mas daiset na pitoran puntos so komadua ya si Johnson ya walaan na 2,243 puntos.",sports,sports,0.9857853055000305
Say Canyoning(canyoneering i.e)ya onloob ed dalem na canyon balanglan amaga odino napnoy danum.,sports,travel,0.9703511595726013
"Si Robin Uthappa so akagaway sankatageyan ya inning score, 70 runs ed loob labat na 41 balls nen akagaway 11 fours tan 2 sixes.",sports,sports,0.9908521771430969
"Kabkabat ya maong so winter sports ed rehiyon na Amianen, kaiba iray Italyano ya milalaban ed internasyonal ya galaw tan Olympic events.",sports,sports,0.8019216656684875
"Say Maroochydore so unaan, lamang na anemiran puntos ed Noosa ya onkokomadua.",sports,travel,0.8445218205451965
"Ag-abayag, kayari nen Alonso et agmet la asumpal nen Michael Schumacher so pilulumba to lapud impakasuspende diad pigaran laban legan na lumba.",sports,sports,0.9904449582099915
"Aliwan magenap so pangan na masustansia iran naakan pian makasabi ed sampot iran kabiangan na kompetisyon, balet baleg so epekto na satan ed kalusugan na saray ugaw nin atleta.",sports,travel,0.47911155223846436
Sikatoy agmakapangan na tambal ya kaukolan to pian nalabanay sakit ta saray nalilikna to et agnayari ed galaw.,sports,travel,0.9252520203590393
"Base ed saray research, say bilang na saray bibiin walaan na MS et doble bilang da nen saray lalaki ya walaan ed satan.",health,health,0.6332828402519226
"Ilegal iran spirits et posiblin manlugan na nanduruman delikadon dutak, kaiba lay methanol, ya posiblin makabulag odino makapatey anggano daiset labat.",health,health,0.6145477890968323
"Say epekto na panisip ya walay mauges ya nagawa et depende ed sinimban PA session, agkaibad saya so depresyon tan takot.",health,entertainment,0.3428092300891876
"Nanresulta met ed mas dakdakel ya aksidente ed dalan so amayamay lan totoo ya walaay kotse. Lapud saya, inimbento da so saray balon paraan parad panag-asikasoy kaabigan ta pian naayos iray nadederal ya laman lapud aksidente.",health,sports,0.7199782729148865
"Ibabaga na saray manunan researcher ya lapud saya et nayarin mas masakbay ya na-detect so cancer, tuberculosis, HIV tan malaria ed saray pasyente diad mairap iran bansa, ya say nabibilay labat ed saray walaan na sakit ya singa say breast cancer et manga kapaldua no ikompara ed mayaman iran bansa.",health,science/technology,0.5347861647605896
"Si Dr. Ehud Ur, propesor ed medisina diad Dalhousie University ed Halifax, Nova Scotia tan pangulo na clinical tan scientific division na Canadian Diabetes Association so nanpasakbay ya aganggano ni labat so impanaral nipaakar ed saya.",health,health,0.6214348077774048
"Mainomay ya nasagmak irayan ugugaw ed gulo, lapud ""walaan ira na ugalin masebeg tan maangat ed autoridad,"" pian onligsa so utek da ta say utek da et ag napapaligsay metodon normal.",health,travel,0.6533331274986267
"Nayarin naapektoan iray totoo ed iyingas na apektadon danum ya naipilad dagem, diad panamegley na dagem tan daluyon.",health,travel,0.9518848657608032
Say pankugip ya malinlinew et makapakisaw.,health,travel,0.9534070491790771
Tinambal si Potro ed saya balet ta akapawil ni ed galawa.,health,sports,0.7386472225189209
"Bangbalet say seryoson problema et no niwalay depression,malnutrition tan ipapatey.",health,health,0.9282190799713135
"Imbaga na opisyales ed syudad na Amsterdam tan say Frank Museum ya atan ya kiew et walay fungus to kanian delikado parad totoo, inrason dan napepeligro la itan ya natumba.",health,travel,0.9473097920417786
"Tinumbok na ospital so protokoI pian nakontroI so impeksyon, a singa say pansianen iray pasiente pian napaIisan so pakaimpeksyon na arum.",health,health,0.9602929353713989
Say Haitian Institute for Justice and Democracy et inusar to iray independent ya research ya mangibabagan aksidenten naawit na saray NepaIese ya sundaIo na UN so sakit ed Haiti.,health,science/technology,0.37504565715789795
"Saray maka-impeksion iran sakit, odino delikadon ayayep ya onataki odino mamatey na too, et aliwan sakey ya peste.",health,travel,0.8706050515174866
"Saray ugugaw ya walaan na ADD et mairap ya manpokus ed eskuelaan,balet sikaray marunong ed pangalaw o pansulat tan manbantay na saray cartoons.",health,entertainment,0.700869619846344
"Kalabas na sakey taon, nayarin naalisan na infected ya too so 10 anggad 15 ya totoon akaasingger ed sikato.",health,travel,0.6337036490440369
"Nen tinmunday panlalaban sanen saray asugatan et inyakar ed ospital, manga 40 ed saray nakekeraan ya apriso so nansiansia ed sular tan ag inmabuloy ya ompawil ed selda da.",health,travel,0.6899642944335938
Ginmapon impila nen Emperador Augustus iray doktor tan nanbuo ni ira ingen na sankaunaanan ya Roman Medical corps ya usaren kasumpal na labanan.,health,science/technology,0.5154336094856262
Say driver so apuroan ya maong ed ulo.,health,travel,0.9050922989845276
"""Wala ray otot mi natan ya 4 bulan da ya anggapoy diabetes da baIet dati et diabetic met ira,"" inyarum to.",health,health,0.8846511244773865
"Agtampol naamtaan no say sakey a too et asamalan. Saray sintomas, a singa say panuta et nagagawa met ed arum kanian agmo nibagan tampol ya asamalan.",health,health,0.31678733229637146
"Bilang resulta, saray manangiyakto ya akasungap na marijuana so linmad entablado, tan papasesegen na mismon teatro iray manbabantay ya mila.",entertainment,travel,0.6165028214454651
Kinansela na Aerosmith so nakekeraan iran concert da diad impan-tour da.,entertainment,entertainment,0.9045516848564148
Kaukolan so ikiwas ya tampol pian mas makaunan makagaway camp ya asingger ed kawalaay kansionan.,entertainment,travel,0.8645301461219788
Dakel iray nanduruman format na films diad inlabas na taon.Say standard ed 35mm film (36 by24 mm negative) tan sikatoy common.,entertainment,entertainment,0.8856163620948792
"Anggano kabkabat iyan aktibidad, inbawal tan na Disney: aga naipasa e arum iray ticket.",entertainment,travel,0.6377696394920349
Kada kabiangan na paIabas et akasentro ed tema na kada Iibro insan paIaknaben so tema panamegIey na dakerakeI ya istorya.,entertainment,travel,0.8196834325790405
Wala ray angkakabaleg ya TV screen ya inkarga dad nanduruman lugar ed Rome pian nabantayan na totoo so seremonya.,entertainment,entertainment,0.7002752423286438
Si Sophocles tan Aristophanes et kabkabat ni ran managsadula tan saray drama da et inkonsidera ya sankarakepan diad literatura na mundo.,entertainment,entertainment,0.9873496890068054
Kada paIabas et mangiter met na rekomendasyon ed arum nin Iibro ya bukayen na saray ugugaw sano onIa rad Iibrarya da.,entertainment,travel,0.961795449256897
Usaren so bellows ya maong tan maples pian onkasil so volume.,entertainment,travel,0.43639734387397766
Sankanengneng iray piramide legan ya ambilbilonget tan marendeen antis ya onggapo so palabas.,entertainment,travel,0.8565452694892883
"Say example na on-site activities et hunting,fishing,photography,bird watching,tan iyakar ed park tan aralen so ecosystem.",entertainment,travel,0.9831566214561462
Say Sphinx so inyan ya dekorasyon ed benegan tan samay narrator na andukey ya istorya.,entertainment,entertainment,0.712451159954071
"Walaan ira na special food,drinks tan entertainment,pian napansiansia so marakep ya mood na saray guest,tan pansiansiaen so lugar.",entertainment,travel,0.9656364321708679
"NibabaIita Iad English tan Japanese, et say sangkamundoan ya organisasyon so mangipaay na Spanish, Italian, tan Korean-language ya programa, parad teIevision, say eb, tan diad saray CeIIphone.",entertainment,travel,0.9228237271308899
Dati si Simon na The Simpsons et natrabaho ed pigaran palabas ya nandurumay posisyon to.,entertainment,entertainment,0.938025712966919
Nakontrol na saray player iray aksyon tan kiwas ed video games no igalaw dad dagem so device.,entertainment,entertainment,0.9399204850196838
"Manga 100 ya totoo so inmatendi ed party, pian selebraan so unonan anibersaryo na sanasawa ya nankasal nen imbeneg ya taon.",entertainment,travel,0.7194627523422241
"Saray duaran kansion ya inusar ed pelikula, say Audition (The Fools Who Dream) tan City of Stars, at a-nominate parad best original song. Say Lionsgate studio et 26 ya beses ya a-nominate — mas dakel nen say anggan anton studio.",entertainment,entertainment,0.9983501434326172
Say inkaupiyas to et mga 70km kapal ed tapew tan 100km kapal diad gilig.,geography,travel,0.8114325404167175
Diad arawin abalaten so kawalaan na Niagara Falls tan diad amianen et say marakdakep ya nature na Muskoka tan arum ni.,geography,travel,0.9936384558677673
"Say Ellsworth land region et walad south na Peninsula,aliber na Bellingshausen sea.",geography,travel,0.5199995636940002
Say South Pole Traverse (odino Highway) so walaan na 1600km trail manlapud McMurdo Station on the Ross sea anggad Pole.,geography,travel,0.9942740797996521
Matatayug diad bandad amianen na parten amianen na Machu Picchu so ayan atagey a palandey ya maslak ya sa backdrop na litrato na saray ageba.,geography,travel,0.9012489318847656
"Say Enceladus so sankanengneng ed solar system, manre-reflect so manga 90 porsyento na sinag na agew ya ontamad sikato.",geography,science/technology,0.6230522394180298
Anggapoy arum ya nanengneng mo noagta saray lurem tan palandey.,geography,travel,0.9198125600814819
Say Japan et sakey ya isla ya bansa a singa met Britain.,geography,travel,0.7967705726623535
"Nen mansampot la, say Bagyon Gonu et nginaranan ya bag na bulong ya palma diad lenguahe na Maldives ta nabot tan apansiansia toy dagem ya 240 kilometros kada oras (149 ya milya kada oras).",geography,travel,0.9649556279182434
"Say sukat na Turkey, kaiba la ray lawa, et 783,562 square kilometres (300,948 sq mi), ya say 755,688 square kilometres (291,773 sq mi) et walad south west Asia tan say 23,764 square kilometres (9,174 sq mi) et diad Europe.",geography,travel,0.5038485527038574
"Saray Isla ed South Shetland ya adiskobre nen 1819 et sinakop na pigaran bansa tan walaan na sankarakelan ya base na militar, ya labin-anem so aktibo nen 2020.",geography,travel,0.9004578590393066
"Say Apia so capital na Samoa. Say baley na satan et walad isla na Upolu tan walaan labat na populasyon ya ag-onabet ed 40,000.",geography,travel,0.9550535678863525
"Lapud arawi so pelagan na bagyo, nansiansian mairap ya amtaen no panon kakasil so epekto ed United States odino diad Caribbean.",geography,travel,0.8729791045188904
Mas makapal nen say maria tan diad ataragey ya dalin.,geography,travel,0.963874876499176
"Say kakiewan et aliwan napno labat na mangroves,kabiangan so saray nalmoan ed gubat ya asakoban na Gangetic plain.",geography,geography,0.625205397605896
Impanengneng na United States GeoIogicaI Survey ed internasyonaI ya mapa na yegyeg ya angapoy yegyeg ed IceIand diad apalabas ya sakey simba.,geography,science/technology,0.4610406160354614
No wala kad toktok na palandey Mecca sankanengneng iyan yungib.,geography,travel,0.9927185773849487
