text,actual_category,predicted_category,logprob
Unha mutación engade unha variación xenética nova e a selección elimínaa do conxunto de variación expresada.,science/technology,entertainment,-2568.35888671875
A bomba de fisión funciona en base ao principio de que se require enerxía para unir un núcleo con moitos protóns e neutróns.,science/technology,entertainment,-2528.090087890625
O núcleo componse de dúas partículas: neutróns e protóns.,science/technology,sports,-2413.84326171875
Isto permitiu que os obxectivos con ampliación de zoom produzan imaxes dunha calidade comparable á conseguida con obxectivos cunha distancia focal fixa.,science/technology,entertainment,-2551.6435546875
"Son superiores ás proxies web por diversos motivos: redirixen todo o tráfico de Internet, non só o http.",science/technology,entertainment,-2470.385498046875
O deseño interactivo obriga a avaliar novamente as suposicións sobre a produción de contidos multimedia e a aprender a pensar de xeito non lineal.,science/technology,geography,-2528.62109375
"Isto chegou a ser nunha práctica habitual, pero o ferro causaba un desgaste máis forte das rodas de madeira dos vagóns.",science/technology,geography,-2484.248046875
"As mandas compóñense de entre un a tres machos adultos que están emparentados, xunto con ata trinta femias e cachorros.",science/technology,geography,-2550.595703125
"Aínda que a IA ten fortes matices de ciencia ficción, constitúe unha importante rama da ciencia informática que estuda o comportamento, a aprendizaxe e a adaptación intelixente das máquinas.",science/technology,sports,-2591.3955078125
"Así, dise que a relación de aspecto deste formato (ao dividir entre doce obtense a ratio de número enteiro máis simple) é de 3:2.",science/technology,politics,-2527.949462890625
"Os teléfonos por satélite non son en xeral un substituto dos teléfonos móbiles, xa que é preciso estar no exterior cunha liña directa ao satélite para poder facer unha chamada.",science/technology,politics,-2560.124267578125
"Aínda que as vías para vagóns («waggonways») consistían simplemente en taboleiros de madeira paralelos, isto permitía aos cabalos arrastralos para acadar velocidades superiores e desprazar cargas máis pesadas polas lixeiramente máis rudimentarias estradas da época.",science/technology,politics,-2712.542724609375
"A humanidade coñece os elementos químicos básicos, como o ouro, a prata e o cobre desde a antigüidade, xa que se poden atopar na natureza na súa forma orixinal e son relativamente simples de extraer con ferramentas primitivas.",science/technology,politics,-2605.3154296875
A roda mudou o mundo de maneiras incribles. O máis importante que roda fixo por nós é ofrecernos métodos de transporte máis fáciles e rápidos.,science/technology,politics,-2542.362060546875
Isto faise para garantir que a imaxe abarque a totalidade da pantalla. Denomínase sobredesviación.,science/technology,geography,-2514.1650390625
Os submarinos alemáns chamábanse U-Boats. Os alemáns eran moi bos pilotando e operando os seus submarinos.,science/technology,entertainment,-2506.3662109375
"Mesmo se o seu estado físico varía, o seu estado químico permanece inalterable.",science/technology,sports,-2433.46533203125
A tensión superficial prodúcese porque as moléculas de auga na superficie da auga teñen unha forte atracción entre si superior á que teñen coas moléculas do aire sobre elas.,science/technology,politics,-2520.88720703125
Un dos problemas máis comúns ao tratar de converter unha película a formato DVD é a sobredesviación.,science/technology,geography,-2485.5791015625
"En particular, afírmase que é posible detectar cando unha persoa mente interpretando as microexpresións correctamente.",science/technology,sports,-2529.413818359375
O ouro pódese moldear en todo tipo de formas. Pódese rolar en pequenas formas.,science/technology,geography,-2446.1435546875
"O sistema de IA agora empréganse frecuentemente nas áreas de economía, medicina, enxeñería e militar, xa que se integrou en múltiples aplicacións de software domésticas e videoxogos.",science/technology,politics,-2602.82080078125
"Aínda se produce na actualidade, pero máis importante é a relación de aspecto que herdaron os formatos dos sensores de imaxe das cámara dixitais.",science/technology,politics,-2555.38330078125
A excesivamente recorrida e con frecuencia ridícula norma dos terzos é unha simple directriz que crea dinamismo mentres mantén un pouco de orde nunha imaxe.,science/technology,sports,-2567.825927734375
"Isto confirma que como mínimo algúns dinosauros tiñan plumas (unha teoría xa estendida) e ademais proporciona outros datos que, polo xeral, os fósiles non nos ofrecen, como poden ser a cor e a disposición tridimensional.",science/technology,politics,-2662.7685546875
"Cal sería o pulo da gravidade de Io sobre o noso corpo? Se nos pousásemos sobre a superficie de Io, pesariamos menos do que na Terra?",science/technology,science/technology,-2498.856201171875
"NextGen é un sistema que a FAA asegura que permitiría aos avións voar rutas máis curtas, aforrar millóns de galóns de combustible anuais e reducir as emisións de carbono.",science/technology,politics,-2576.9580078125
"Os datos neurobiolóxicos ofrecen probas físicas para o enfoque teórico na investigación da cognición. Así, reducen a área de investigación e fan que sexa moito máis exacta.",science/technology,politics,-2568.97998046875
"Durante o seu discurso de 2 horas, afirmou que: ""Hoxe, Apple vai reinventar o teléfono. Hoxe imos facer historia"".",science/technology,politics,-2527.202880859375
A desvantaxe dos obxectivos con amplificación por zoom é que a complexidade focal e o número de elementos da lente requiridos para acadar unha variedade de lonxitudes focais é moito maior que nos obxectivos de distancia focal fixa.,science/technology,politics,-2650.911865234375
"Moi semellante ao mando a distancia dun televisor, o controlador utiliza dous sensores situados preto do televisor para triangular a súa posición nun espazo tridimensional.",science/technology,sports,-2593.80615234375
. Os científicos afirman que as plumas do animal eran de cor castaña na parte superior e na parte inferior pálidas ou de cor carotenoide.,science/technology,entertainment,-2474.791748046875
"Os dous compostos reaccionan entre si para formar cristais que poden bloquear a función renal, afirmaron os investigadores da universidade.",science/technology,health,-2487.9658203125
Isto ofrece unha resolución case catro veces a do negativo de 35 mm (3136 mm2 fronte a 864).,science/technology,politics,-2564.33544921875
"Grazas ao cable de fibra óptica submarino que o enlaza con Europa e aos satélites de banda larga, Groenlandia está ben conectado cun 93 % da poboación con acceso a internet.",science/technology,sports,-2607.26416015625
"Unha das aplicacións máis importantes nesta categoría é Google Translate, que ofrece tradución sen conexión a Internet unha vez descargados os datos lingüísticos necesarios.",science/technology,geography,-2549.7001953125
"Ten a mesma estrutura molecular, tanto en forma de gas, líquido coma sólido.",science/technology,travel,-2426.612548828125
"O uso das gravacións de vídeo deron lugar a descubrimentos fundamentais na interpretación de microexpresións, movementos faciais duns milisegundos de duración.",science/technology,entertainment,-2559.047607421875
Os humanos fabrican e usan lentes de aumento durante desde hai milleiros e milleiros de anos.,science/technology,entertainment,-2446.736328125
"Non é unicamente mediante a experimentación, senón que o experimento é unha proba que se emprega para eliminar unha ou máis das posibles hipóteses, facendo preguntas e observacións que guían a investigación científica.",science/technology,politics,-2589.611083984375
"Eventualmente, as rodas de madeira substituíron ás de ferro. En 1767, introducíronse os primeiros raís totalmente de ferro.",science/technology,geography,-2523.92919921875
"Aínda que moitas tarxetas valen para chamar a calquera lugar, algunhas especialízanse en ofrecer tarifas telefónicas económicas para grupos de países específicos.",science/technology,politics,-2559.058837890625
A maior parte dos telescopios de investigación modernos consisten en instalacións xigantescas en áreas afastadas con condicións atmosféricas favorables.,science/technology,entertainment,-2537.353515625
A agulla de aceiro flota sobre a auga debido a tensión xerada na superficie.,science/technology,geography,-2475.951416015625
"O formato de 35 mm, de feito e para maior confusión, mide 36 mm de ancho por 24 mm de alto.",science/technology,geography,-2446.135986328125
"As células resultan fundamentais e críticas para o estudo da vida; de feito, con frecuencia denomínanse «as unidades básicas da vida».",science/technology,health,-2499.14501953125
Os provedores de VPN (redes privadas virtuais) son un medio excelente de circunvalar tanto a censura política coma a filtración xeográfica do IP comercial.,science/technology,geography,-2532.88232421875
"A estación mantivo a súa posición, aínda que perdera o xiroscopio previamente na misión da estación espacial, ata o final do paseo espacial.",science/technology,health,-2565.3486328125
"As persoas con esa clase de pensamento posúen un pensamento lóxico, son capaces de memorizar padróns, resolver problemas e resolver probas científicas.",science/technology,politics,-2535.100341796875
"Aos ocelotes gústalles comer animais de pouco tamaño. Cazan monos, serpes, roedores e paxaros, se poden. Case todos os animais que os ocelotes cazan son bastante máis pequenos ca eles.",science/technology,politics,-2676.34228515625
"Algunhas cámaras de película de formato medio utilizan o formato 6 por 6 cm, para ser máis precisos un negativo de 56 por 56 mm.",science/technology,sports,-2531.4326171875
"Recoméndase encarecidamente aos viaxeiros que se informen sobre calquera condición climatolóxica adversa grave que poida afectar á súa area, xa que isto podería influír sobre os seus plans de viaxe.",travel,sports,-2572.43359375
"Os autobuses saen da estación de autobuses interdistrito (cruzando o río) de xeito ininterrompido durante todo o día, pero a maioría, en particular os que se dirixen cara ao leste e Jakar/Bumthang saen entre as 06:30 h e as 07:30 h.",travel,entertainment,-2642.537109375
"Ofrecen maior estabilidade para o xinete, pero poden presentar problemas de seguridade debido á posibilidade de que os pés do xinete queden atrapadas neles.",travel,politics,-2507.423095703125
A maioría dos diferentes cruceiros polo báltico inclúen unha ampliación da estancia en San Petersburgo (Rusia).,travel,sports,-2475.04296875
"O consello asume que os viaxeiros non roubarán, entrarán ilegalmente nas propiedades, participarán en mercados ilegais, mendigarán nin tampouco explotarán a outras persoas para a súa propia ganancia.",travel,politics,-2582.09423828125
Hai moitas cousas que se deben ter en consideración antes e durante unha viaxe a calquera destino.,travel,health,-2545.4599609375
"Na calor do día, os viaxeiros poden ver espellismos que crean a ilusión de auga (ou outras cousas).",travel,sports,-2562.173828125
"As familias con rapaces son pouco habituais, pero algúns hostais permiten a súa estancia en cuartos privados.",travel,entertainment,-2507.05029296875
"Por exemplo, visitar castelos no val do Loira, no val do Rhin ou facer un cruceiro a cidades interesantes no Danubio ou pasear en barco polo canal do Erie.",travel,politics,-2535.02197265625
Probablemente sexa mellor utilizar un axente que reserve habitualmente viaxes similares á súa.,travel,sports,-2524.405029296875
Couchsurfing fundouse en xaneiro de 2004 despois de que o programador informático Casey Fenton atopase un voo barato a Islandia pero non tiña aloxamento.,travel,geography,-2551.643798828125
"Os visados de estudantes, xeralmente, teñen diferentes requisitos e procedementos de aplicación aos dos de turistas ou de empresa.",travel,travel,-2508.3818359375
Cada país ten lexislación única que especifica que elementos de emerxencia debe haber no vehículo.,travel,geography,-2496.61181640625
"Aínda que a maioría das axencias están dispostas a aceptar as reservas máis comúns, gran número de axentes están especializados en clases determinadas de viaxes, rangos de presupostos ou destinos.",travel,sports,-2566.35009765625
Pode ser que os viaxeiros atopen pestes de animais coas que non estean familiarizados nas súas rexións de orixe.,travel,geography,-2539.40380859375
"Tamén ao norte, debe visitarse o gran Santuario da Nosa señora de Fátima (sepulcro), un centro de adoración mundialmente famoso polas aparicións da virxe.",travel,entertainment,-2567.45751953125
Para desprazarse por Goma poden usarse os boda-boda (mototaxi). O prezo normal (local) son aproximadamente 500 francos congoleses por ese breve desprazamento.,travel,politics,-2583.39990234375
"Para os que lles gustan as actividades de exteriores, unha excursión ao Sea to Sky Corridor é fundamental.",travel,geography,-2451.048583984375
"Un safari a pé (tamén chamado «paseo polo monte», «safari de excursionismo» ou facer «footing») consiste en facer excursionismo, durante unhas cantas horas ou varios días.",travel,entertainment,-2569.6923828125
"A única maneira de conseguir que chegase antes era enviándoo como equipaxe facturada. Pero a normativa das liñas aéreas prohibe enviar equipaxe sen pasaxeiro, que é onde entra vostede.",travel,entertainment,-2636.599609375
Con 300 unidades adicionais elévase o total a 1300 vagóns que se adquirirán co obxectivo de paliar a conxestión.,travel,politics,-2513.75146484375
"É posible que as familias con rapaces pequenos necesite máis preparativos, pero pode gozarse facilmente dun día ao aire libre mesmo con bebés ou nenos en idade preescolar.",travel,entertainment,-2529.30615234375
"As persoas que vaian conducir a altas latitudes ou por pasos de montaña deberían considerar a posibilidade de atoparse con neve, xeo ou temperaturas baixo cero.",travel,geography,-2543.215087890625
"Na actualidade, Tombouctou é unha cidade moi pobre, pero a súa reputación fai dela unha atracción turística e tamén ten aeroporto.",travel,geography,-2514.482421875
Durante unha xistra nun moi breve espazo de tempo pode caer neve suficiente como para quedar atrapado.,travel,health,-2532.3388671875
"Se se quere dar unha volta ao mundo completa en avión no hemisferio sur, as opcións de voos e destinos son limitadas debido a ausencia de rutas transoceánicas.",travel,travel,-2529.2900390625
"As liñas aéreas, como Emirates, Etihad Airways, Qatar Airways e Turkish Airlines, ampliaron considerablemente os seus servizos a África e ofrecen conexións a diferentes cidades africanas relevantes cuns prezos máis competitivos ca outras liñas aéreas europeas.",travel,politics,-2621.4208984375
Non se está ofrecendo transporte extra e os trens subterráneos non pararán en Wembley; o aparcamento e os aparcamentos disuasorios (park-and-ride) non están dispoñibles na superficie.,travel,politics,-2559.647705078125
"En xeral, para poder permanecer nun país estranxeiro durante un período de tempo prolongado deberase obter un visado de antemán.",travel,travel,-2494.385498046875
Todos os trens teñen vagóns MetroPlus e Metro; os vagóns MetroPlus sempre van ao final do tren máis próximo a Cape Town.,travel,entertainment,-2491.1533203125
Todos participamos na sociedade e utilizamos medios de transporte. Case todo o mundo se queixa dos sistemas de transporte.,travel,travel,-2442.99365234375
"Como esas áreas apenas están poboadas e a contaminación lumínica, en consecuencia, non tende a ser un problema, poderase gozar das estrelas.",travel,politics,-2499.73828125
Os requisitos de visado e os custos varían dun país a outro e dependen do país de orixe.,travel,travel,-2447.08251953125
"En xeral, non paga a pena buscar descontos en billetes de clase business nin de primeira clase nos voos directos de A a B.",travel,politics,-2499.4423828125
Lanzar búmerangs é unha habilidade popular que moitos turistas queren dominar.,travel,travel,-2457.89013671875
Este voo non é a única opción dispoñible se se quere omitir o Pacífico Sur e a costa oeste de Suramérica (véxase a continuación).,travel,geography,-2523.5263671875
"San Francisco xerou unha considerable infraestrutura turística con diversos hoteis, restaurantes e instalacións para convencións de primeira categoría.",travel,sports,-2469.23095703125
"Facer voluntariado mentres se viaxa é unha maneira fantástica de cambiar o mundo, pero non se trata só de dar.",travel,entertainment,-2501.48388671875
É posible que as persoas prevexan que a paciencia e a comprensión tamén son necesarias cos viaxeiros que regresan a casa.,travel,politics,-2486.403076171875
"Non esqueza engadir os gastos adicionais dos visados extra, taxas de saída, transporte por terra, etc. para todos os lugares fóra de África.",travel,politics,-2548.978759765625
Moitos residentes de Bishkek acusaron aos manifestantes do sur da desorde orixinada.,politics,politics,-2505.712646484375
"Zonas da Bélxica actual foron parte de Luxemburgo no pasado, pero pasaron a ser deste país despois da Revolución belga de 1830.",politics,health,-2524.283447265625
"Desde 1988, as urnas deben ser transparentes de xeito que os votantes e os observadores poidan comprobar que non hai ningunha papeleta introducida ao inicio da votación, así como que tampouco se engadan sobres, agás os dos votantes debidamente contabilizados e autorizados.",politics,geography,-2628.759765625
A primeira ministra en funcións Julia Gillard expresou ao longo da campaña para as eleccións federais de 2010 que opinaba que Australia debería converterse nunha república ao rematar o reinado de Isabel II.,politics,politics,-2553.345458984375
O goberno irlandés está a facer fincapé na urxencia dunha lexislación parlamentaria para rectificar a situación.,politics,politics,-2499.038330078125
As diferenzas diplomáticas relativas á rexión continúan danando as relacións entre Armenia e Acerbaixán.,politics,politics,-2532.484375
"O primeiro ministro Stephen Harper decidiu enviar a lei ""Clean Air Act"" a un comité integrado por todos os partidos para a súa revisión, antes de ser lida por segunda vez, tras manter unha reunión de vinte e cinco minutos o último martes co líder do NDP, Jack Layton, na súa oficina.",politics,politics,-2630.3447265625
"O mes pasado, tiveron lugar dúas protestas importantísimas en Polonia, cando ese país asinou a ACTA, que levou ao goberno polaco a decidir non ratificar o acordo, polo momento.",politics,politics,-2560.33740234375
As alertas son un simple resumo breve da situación política dun país.,politics,travel,-2447.530029296875
"Durante as eleccións de 1976, asesorou a Carter sobre política exterior e, posteriormente, traballou como Asesor de Seguridade Nacional (NSA) entre 1977 e 1981, como sucesor de Henry Kissinger.",politics,politics,-2508.2080078125
"Turquía tamén se encargaría da custodia dos soldados do EIIL que, segundo a declaración, os países europeos rexeitaron repatriar.",politics,politics,-2490.89697265625
"Non obstante, eses plans quedaron obsoletos dun día para outro, cando 800 000 soldados do Exército Roxo soviético entraron e crearon as frontes bielorrusas e ucraínas despois de invadir as rexións do leste de Polonia violando o Tratado de paz de Riga, o Pacto de non agresión entre Rusia e Polonia e outros tratados internacionais, tanto bilaterais coma multilaterais.",politics,politics,-2721.14111328125
"En cumprimento do proceso, a resolución HJR-3 volverá a revisarse novamente na próxima lexislatura electa, ben en 2015 ou en 2016, para enmarcarse no proceso.",politics,entertainment,-2535.02880859375
"Despois de que o Congreso o adoptase o 4 de xullo, enviouse un borrador manuscrito asinado polo presidente do Congreso, John Hancock, e o secretario, Charles Thomson, a un par de rúas de distancia á imprenta de John Dunlap.",politics,politics,-2660.79345703125
"Xusto despois das 11:00 h, os manifestantes cortaron o tráfico no carril en dirección ao norte en Whitehall.",politics,politics,-2475.031005859375
"Con todo, en xuño de 1956, as promesas de Krushchev foron postas a proba cando as revoltas en Polonia, onde os traballadores protestaban pola a escaseza de alimentos e reducións nos salarios, se tornaron nunha protesta xeneral contra o comunismo.",politics,politics,-2695.978759765625
"Prolongaríase durante os seguintes corenta anos e loitouse en realidade, mediante exércitos representantes, nos campos de batalla desde África ata Asia, en Afganistán, Cuba e outros lugares diferentes.",politics,sports,-2634.58984375
"O mes pasado, unha comisión presidencial recomendou a renuncia previa de Consello Electoral Provisional (CEP) como parte dun paquete de medidas para levar ao país a unhas novas eleccións.",politics,politics,-2510.3203125
"Outros temas presuntamente tratados abranguen o futuro estado de Xerusalén, que ten carácter sagrado para ambas as dúas nacións e a cuestión do val do Xordán.",politics,health,-2589.834228515625
Tampouco tiña autoridade para invalidar a lexislación fiscal nin as tarifas entre os estados.,politics,geography,-2475.373046875
A lexislación electoral francesa codifica dun xeito moi estrito o procedemento.,politics,politics,-2513.9384765625
"Despois dunha semana de caída nas eleccións a metade do mandato, Bush reveloulle ao público a ampliación do comercio en Asia.",politics,politics,-2565.411865234375
"A estratexia demostrou ser efectiva, ao cortar aprovisionamento civil e militar vital, aínda que este bloqueo violou a lei internacional de aceptación internacional xeral codificada por moitos acordos internacionais nas últimas dúas décadas.",politics,politics,-2606.95068359375
Os vínculos económicos restablecéronse entre esas dúas partes de Moldova a pesar das negociacións políticas falidas.,politics,politics,-2484.02197265625
"En compaña das autoridades, aseguroulles aos cidadáns de Texas que se estaban a tomar medidas para garantir a seguridade do público.",politics,politics,-2522.361572265625
A crítica dos liberais aos esforzos de reconstrución centráronse na concesión de contratos de reconstrución a supostas persoas con acceso a información confidencial de Washington.,politics,politics,-2522.364013671875
"Das 1400 persoas consultadas antes das eleccións federais de 2010, o número que se opón a que Australia se converta nunha república incrementouse un 8 % desde 2008.",politics,politics,-2566.741943359375
Os diplomáticos afirmaron que atoparon suficientes ambigüidades na constitución afgá para determinar que non cumpría unha segunda volta.,politics,geography,-2519.636962890625
"Despois de se coñeceren os resultados, Gingrich gabou a Santorum, pero dedicoulle duras palabras a Romney, en nome de quen se emitiu en Iowa unha campaña publicitaria de desprestixio contra Gingrich.",politics,politics,-2627.048828125
É o quinto Consello Electoral Provisional de Martelly en catro anos.,politics,geography,-2464.41796875
"O titular da medalla de ouro olímpica debía nadar nos 100 m e 200 m de estilo libre e en tres relevos nos Xogos da Commonwealth, pero debido aos problemas co seu estado de forma está no aire.",sports,sports,-2559.931884765625
"Ademais de ser excampión mundial e olímpico, Saito era presidente do comité de adestramento da Federación xaponesa de judo no momento da súa morte.",sports,sports,-2493.810302734375
"O Comité Olímpico Internacional votou para incluír eses deportes na reunión da súa xunta directiva que se reúne hoxe en Berlín. O rugby e, en particular o rugby a 15, ademais do golf foron seleccionados por diante doutros cinco deportes para considerar a súa participación nas Olimpíadas.",sports,entertainment,-2623.712646484375
O torneo máis importante do ano celébrase en decembro nos campos de polo en Las Cañitas.,sports,sports,-2462.01318359375
"Desde que a súa chegada á capital de Cataula, Vidal xa xogou 49 partidos para o club.",sports,politics,-2463.2158203125
"Se se mantén un equilibrio de enerxía saudable, hábitos de hidratación efectivos e se comprenden os diferentes aspectos das prácticas de suplementos podemos axudar aos atletas a mellorar o seu rendemento e facer que gocen máis do deporte.",sports,politics,-2631.0546875
"En terceiro, Hamlin atópase vinte puntos por detrás, pero cinco por diante de Bowyer. Kahne e Truex, Jr. están en quinta e sexta, respectivamente, con 2220 e 2207 puntos.",sports,politics,-2591.222900390625
O récord fronte a fronte de Nadal contra o canadense é 7–2.,sports,sports,-2442.7001953125
Jarque estaba adestrando durante pretempada en Coverciano en Italia a primeira hora do día. Paraba no hotel do equipo antes do partido programado para o domingo contra o Boloña.,sports,health,-2554.1005859375
Os temores pola falta de transporte abriron a posibilidade de que o xogo se tivese que celebrar a porta pechada sen os seareiros do equipo.,sports,travel,-2546.409912109375
"Tommy Dreamer afirmou: «Luna foi a primeira Raíña do «Extremo». A miña primeira representante. Luna faleceu na noite das dúas lúas. Algo extraordinario, case coma ela. Unha muller forte».",sports,entertainment,-2635.1328125
"O esquiador polaco Maciej Krezel, na categoría masculina para cegos, e a súa guía Anna Ogarzynska remataron en 13.ª posición no Super-G. O surcoreano Jong Seork Park terminou en 24.ª posición no Super-G masculino en modalidade sentada.",sports,sports,-2657.634033203125
"Para obter información sobre torneos e onde mercar entradas para os partidos de polo, pode consultarse coa Asociación Arxentina de Polo.",sports,travel,-2482.262451171875
"Os xogos empezaron ás 10:00 h cun tempo excelente e, quitando unha chuvisca a media mañá que pronto escampou, foi un día perfecto para o rugby dos 7.",sports,politics,-2568.20703125
"Arly Velasquez de México rematou en 15.ª posición no Super-G masculino sentado. Adam Hall, de Nova Zelandia, rematou en 9.º posto no Super-G masculino de pé.",sports,sports,-2569.33251953125
"O partido final da serie celebrarase en Ellis Park en Johannesburgo a vindeira semana, cando Springboks xogue contra Australia.",sports,politics,-2525.09619140625
"En boas condicións, poderanse cubrir distancias un pouco máis longas que a pé, pero só ocasionalmente se alcanzarán as velocidades do esquí de fondo sen unha mochila pesada en pistas preparadas.",sports,entertainment,-2577.50439453125
"A sete puntos de desvantaxe, Johnson vai en segunda posición con 2243.",sports,politics,-2518.708984375
"O barranquismo consiste en descender ao fondo dun canón, que ben pode estar seco ou cheo de auga.",sports,sports,-2487.67919921875
"Robin Uthappa realizou o lanzamento de inicio máis alto, 70 carreiras en só 41 bólas ao golpear 11 catros e 2 seises.",sports,sports,-2552.42529296875
"Os deportes de inverno gozan de máis popularidade nas rexións do norte, mentres que os italianos compiten en xogos internacionais e eventos olímpicos.",sports,entertainment,-2501.029296875
"Maroochydore rematou no máis alto do taboleiro, a seis puntos de vantaxe de Noosa, en segunda posición.",sports,sports,-2503.75732421875
"Michael Schumacher rematou a carreira pouco despois de Alonso, debido aos danos na suspensión resultado das numerosas escaramuzas durante a carreira.",sports,politics,-2471.685546875
"Unhas prácticas nutricionais adecuadas soamente non poden dar lugar a rendementos de elite, aínda que si poden afectar de maneira importante ao benestar xeral dos xoves atletas.",sports,politics,-2582.73876953125
Non puido tomar a medicación que precisa para soportar a dor posto que está prohibida nos Xogos.,sports,health,-2488.691650390625
A investigación descubriu que as mulleres teñen o dobre de probabilidade de sufrir esclerose múltiple ca os homes.,health,health,-2535.7666015625
"As bebidas alcólicas ilegais poden conter impurezas tóxicas, como o metanol, que pode provocar cegueira ou a morte mesmo en doses mínimas.",health,politics,-2466.257568359375
"Só os efectos de facer unha catástrofe, non a depresión nin o medo, foron condicionais nas sesións periódicas semanais de consello práctico estruturadas.",health,politics,-2543.89111328125
"A propiedade de vehículos en masa tamén xera unha incidencia máis alta de accidentes nas estradas, o que dá lugar á invención de novas técnicas en atención sanitaria para reparar os corpos lesionados.",health,politics,-2575.57763671875
"Os investigadores principais afirmaron que isto podería acadar unha detección prematura do cancro, tuberculose, VIH e a malaria para os pacientes de países con baixos ingresos, onde os índices de supervivencia en enfermidades como o cancro de mama chegan a ser da metade do que nos países máis ricos.",health,politics,-2636.93310546875
"O Dr. Ehud Ur, profesor de medicina na Universidade Dalhousie en Halifax (Nova Escocia) e presidente da división clínica e científica da Asociación canadense contra a diabetes advertiu de que a investigación aínda está nunha fase inicial.",health,politics,-2565.7919921875
"Estes rapaces tenden a meterse en moitos problemas, porque «adoptan comportamentos perigosos, métense en liortas e desafían á autoridade» para estimular o seu cerebro, xa que este non é estimulado por medios normais.",health,politics,-2619.319091796875
Os humanos poden resultar afectados pola inhalación de auga afectada suspendida no aire polo vento e as ondas.,health,geography,-2511.056884765625
Algunhas persoas son da opinión de que ter moitos soños lúcidos inducidos de xeito artificial moi a miúdo pode resultar esgotador.,health,health,-2530.93017578125
Potro recibiu tratamento para o ombreiro nese momento pero conseguiu volver ao partido.,health,politics,-2485.222900390625
"Ademais, o non facelo ten graves consecuencias: aumento da depresión, desnutrición e, finalmente, a morte.",health,entertainment,-2470.721435546875
As autoridades de Ámsterdam e o Museo de Ana Frank declaran que a árbore está infectada cun fungo e é perigosa para a saúde pública. Afirman que se atopa en perigo inmediato de caer.,health,politics,-2593.67626953125
"O hospital seguiu o protocolo para o control de infeccións, incluíndo separar uns pacientes doutros para evitar posibles infeccións cruzadas.",health,entertainment,-2521.204833984375
O Instituto haitiano de xustiza e democracia fixo referencia a estudos independentes que suxiren que o batallón de paz nepalés da ONU tiña pleno coñecemento de que levaba a enfermidade a Haití.,health,politics,-2629.60205078125
"As enfermidades infecciosas de por si ou os animais perigosos con capacidade para ferir ou matar persoas empregando forza, polo xeral, non se consideran pestes.",health,health,-2496.45458984375
"A rapazada con TDA ten dificultades para centrarse en cousas como as tarefas escolares, pero conseguen concentrarse en cousas que lles gustan, como xogar, ver os seus debuxos favoritos ou escribir frases sen puntuación.",health,politics,-2639.93896484375
"Ao cabo dun ano, unha persoa infectada poderá infectar a 10 ou 15 dos seus contactos inmediatos.",health,entertainment,-2426.2177734375
"Ao rematar a liorta e despois de trasladar aos feridos ao hospital, preto doutros 40 presos permaneceron no patio e negáronse a regresar ás súas celas.",health,politics,-2537.2353515625
O emperador Augusto empezou a recrutar médicos que mesmo constituíron o primeiro corpo médico romano para o seu uso ao final das batallas.,health,health,-2498.7275390625
"Non obstante, o condutor sufriu graves lesións na cabeza.",health,geography,-2440.0341796875
"""Agora temos ratos de 4 meses que xa non son diabéticos, pero que no seu momento si que o foron"", engadiu.",health,politics,-2506.94140625
"É posible que a intoxicación interna non resulte evidente de xeito inmediato. Síntomas, como vómitos, son tan xenéricos que é imposible realizar un diagnóstico inmediato.",health,politics,-2534.610595703125
"En consecuencia, os actores fuman porros de cánnabis no escenario e o propio teatro anima ao público a unirse.",entertainment,entertainment,-2501.271484375
Aerosmith cancelou o resto de concertos da súa xira.,entertainment,politics,-2458.66259765625
"Para poder estar máis preto da acción, será necesario chegar cedo para conseguir un cámping cerca da música.",entertainment,geography,-2492.6767578125
Existen moitos formatos de película distintos empregados ao longo da historia. A película estándar de 35 mm (negativo de 36 por 24 mm) é a máis común con moita diferenza.,entertainment,entertainment,-2536.867919921875
"Aínda que se trata dunha práctica moi habitual, está prohibida por Disney: as entradas son intransferibles.",entertainment,travel,-2499.294189453125
"Cada episodio do programa céntrase nun tema dun libro específico e, a continuación, explora ese tema a través de múltiples historias.",entertainment,politics,-2513.207275390625
"Para que a xente puidese seguir a cerimonia, instaláronse numerosas pantallas xigantes de televisión en diferentes lugares de Roma.",entertainment,entertainment,-2520.19482421875
Sófocles e Aristófanes aínda continúan a ser dramaturgos populares e as súas obras están consideradas unhas das mellores da literatura mundial.,entertainment,politics,-2537.07958984375
En cada programa tamén se recomendan libros que os rapaces deberían buscar cando visiten a biblioteca.,entertainment,sports,-2488.755615234375
No acordeón para conseguir máis volume cómpre empregar o fol con máis presión ou velocidade.,entertainment,entertainment,-2482.8251953125
As pirámides pódense observar na escuridade e contemplalas en silencio antes de que comece o espectáculo.,entertainment,entertainment,-2457.12109375
"Exemplos das actividades «in situ» inclúen caza, pesca, fotografía, observación de aves e visita aos parques, ademais do estudo da información sobre o ecosistema.",entertainment,politics,-2478.72216796875
A esfinxe aparece como pano de fondo e narradora dunha longa historia.,entertainment,politics,-2437.679931640625
"Adoitan ter ofertas especiais de comida, bebida e entretemento para ter de bo humor aos invitados e que permanezan nas instalacións.",entertainment,entertainment,-2531.964111328125
"A organización global, que xa fai actualmente as súas retransmisións en inglés e xaponés, lanza agora a súa programación para televisión, web e dispositivos móbiles en español, italiano e coreano.",entertainment,politics,-2617.067626953125
"Antes dos Simpsons, Simon xa traballara en moitos programas con diferentes cargos.",entertainment,politics,-2482.26220703125
Así os xogadores poderán controlar accións e movementos en videoxogos ao axitar o dispositivo no aire.,entertainment,travel,-2525.974853515625
Preto de 100 persoas acudiron á festa de celebración do primeiro aniversario dunha parella que celebrou o seu casamento o ano anterior.,entertainment,politics,-2466.56640625
"Dúas cancións da película, Audition (The Fools Who Dream) e City of Stars, foron nominadas a mellor canción orixinal. O estudio Lionsgate recibiu 26 nominacións: máis ca ningún outro estudio.",entertainment,politics,-2596.429443359375
A cortiza ten un grosor de aproximadamente 70 km na zona máis próxima e 100 km na máis afastada.,geography,geography,-2452.2470703125
Máis ao sur están as fervenzas do Niágara e o norte é fogar da intacta beleza natural de Muskoka e máis alá.,geography,geography,-2506.819091796875
Ellsworth Land é unha rexión ao sur da península que limita co mar de Bellingshausen.,geography,geography,-2475.7021484375
A Estrada de McMurdo ao Polo Sur é unha pista de 1600 km que une a estación McMurdo no mar de Ross co Polo.,geography,geography,-2477.6494140625
"Erguéndose por enriba do extremo norte de Machu Picchu atópase esta empinada montaña, a miúdo imaxe de fondo de moitas fotos das ruínas.",geography,entertainment,-2529.64306640625
"O encélado é o obxecto máis reflector do sistema solar, pois reflicte preto do 90 % da luz solar que incide sobre el.",geography,politics,-2540.458251953125
Non se ve nada máis que o fermoso ceo despexado por enriba das numerosas montañas arredor. Moi pouco deste mundo pode verse ou escoitarse desde o interior da cova.,geography,entertainment,-2593.43603515625
"Agora o Xapón. O Xapón era un país insular, igual que Gran Bretaña.",geography,politics,-2437.0224609375
"No seu punto máis álxido, o ciclón tropical Gonu, chamado así en nome dunha bolsa de follas de palmeira na lingua das Maldivas, alcanzou refachos de vento de ata 240 quilómetros/hora (149 millas/hora).",geography,sports,-2642.26123046875
"A superficie de Turquía, incluíndo lagos, abarca 783 562 km2 (300 948 sq mi), dos que 755 688 km2 (291,773 sq mi) están no suroeste de Asia e 23 764 km2 (9,174 sq mi) en Europa.",geography,geography,-2597.289306640625
"Moitos países reclaman as illas das Shetland do Sur, descubertas en 1819. Estas acollen o maior número de bases, con dezaseis delas activas en 2020.",geography,geography,-2579.35693359375
Apia é a capital de Samoa. A cidade atópase na illa de Upolu e ten unha poboación de apenas 40 000 habitantes.,geography,politics,-2503.088623046875
"Posto que a tormenta está lonxe de chegar a terra, resulta difícil avaliar o seu impacto potencial nos EE. UU. ou no Caribe.",geography,politics,-2480.60791015625
É máis fino debaixo das zonas maria e máis espeso debaixo das terras altas.,geography,geography,-2480.1220703125
Os bosques non son simples pantanos de mangleiros: inclúen algúns dos derradeiros redutos das impoñentes xunglas que no pasado cubriron a chaira ganxética.,geography,geography,-2684.844482421875
O mapa internacional de terremotos da United States Geological Survey non amosou ningún terremoto en Islandia a semana anterior.,geography,geography,-2465.410888671875
"Situada sobre unha das montañas da Meca, a cova está illada por completo do resto do mundo.",geography,geography,-2501.40087890625
